task_id,paper_id,question_path,parent_task_id,record_kind,section,option_group,qp_pages_json,stimulus_refs_json,scheme_pages_json,command_word,original_marks,assessment_objectives_json,required_knowledge,context_summary,stimulus_types_json,solution_structure_json,marking_method,rubric_ref,acceptable_alternatives_json,dependencies_json,common_errors_json,report_refs_json,extraction_status,mapping_status,review_status,reviewed_by,reviewer_type,human_reviewed,blocker,batch_id,updated_at
4PH1-2024-June-1-standard.Q5.a,4PH1-2024-June-1-standard,5.a,,leaf,,,[11],"[{""documentId"": ""4PH1-2024-June-1-standard-qp"", ""pdfPages"": [11]}]",[8],Sketch,3,[],Direct proportionality; Extension versus total length; Axes and origin,A helical spring within its Hooke-law region; blank axes supplied.,"[""blank-graph-axes""]","[""Label force/load and extension."", ""Draw a straight positive-gradient line through the origin.""]",discrete-points,research/extractions/4PH1-2024-June-1-standard.json#4PH1-2024-June-1-standard.Q5.a,"[""The scheme permits elongation or distance/length stretched for extension, and force/load/weight for the loading quantity."", ""A total-length axis can receive full credit with the correct non-zero length intercept."", ""A curve beyond a clearly identified proportional limit is permitted. Units are ignored for this sketch.""]","[""Interpret the origin criterion with the chosen axis quantity: total length is not extension.""]","[{""description"": ""Putting total length through the origin"", ""origin"": ""editorial""}, {""description"": ""Substituting elastic limit for an identified proportional limit"", ""origin"": ""editorial""}]",[],source-checked,agent-reviewed,agent-reviewed,Codex Astra,agent,false,"Quiz currently accepts typed text, not submitted graph drawings; sketch adaptation needs a suitable response contract.",physics-detailed-2026-09-11,2026-09-11
4PH1-2024-June-1-standard.Q5.b.i,4PH1-2024-June-1-standard,5.b.i,,leaf,,,[12],"[{""documentId"": ""4PH1-2024-June-1-standard-qp"", ""pdfPages"": [12]}]",[8],Determine,2,[],One-dimensional vector resultant,Two opposed forces act on the released object: 3.2 N upwards and 2.0 N downwards.,"[""diagram"", ""scenario""]","[""Subtract opposing force magnitudes: 3.2 \u2212 2.0 = 1.2 N."", ""Direction is upwards.""]",discrete-points,research/extractions/4PH1-2024-June-1-standard.json#4PH1-2024-June-1-standard.Q5.b.i,"[""An upward arrow can express the direction."", ""Unqualified compass north is not accepted as upwards in this diagram.""]","[""Treat magnitude and direction as separate credit criteria.""]","[{""description"": ""Adding the opposed magnitudes"", ""origin"": ""editorial""}, {""description"": ""Giving no direction"", ""origin"": ""editorial""}]",[],source-checked,agent-reviewed,agent-reviewed,Codex Astra,agent,false,,physics-detailed-2026-09-11,2026-09-11
4PH1-2024-June-1-standard.Q5.b.ii,4PH1-2024-June-1-standard,5.b.ii,,leaf,,,"[12, 13]","[{""documentId"": ""4PH1-2024-June-1-standard-qp"", ""pdfPages"": [12]}]",[8],Calculate,3,[],Resultant force equals mass times acceleration,Same released object; mass 0.20 kg; uses resultant from the preceding part.,"[""diagram"", ""scenario""]","[""Substitute F = ma using 1.2 N and 0.20 kg."", ""Rearrange a = F/m."", ""Evaluate a = 6.0 m/s\u00b2.""]",method-marks,research/extractions/4PH1-2024-June-1-standard.json#4PH1-2024-June-1-standard.Q5.b.ii,"[""6 and 6.0 are equivalent here."", ""The scheme permits error carried forward from 5.b.i.""]","[""Evaluate the working using the candidate\u2019s earlier resultant where the scheme allows ECF."", ""The scheme specifies a one-mark loss for a power-of-ten error; do not multiply penalties across repeated use of that error.""]","[{""description"": ""Using the spring force alone as resultant"", ""origin"": ""editorial""}, {""description"": ""Dividing by weight instead of mass"", ""origin"": ""editorial""}]",[],source-checked,agent-reviewed,agent-reviewed,Codex Astra,agent,false,,physics-detailed-2026-09-11,2026-09-11
4PH1-2024-June-1-standard.Q5.b.iii,4PH1-2024-June-1-standard,5.b.iii,,leaf,,,"[12, 13]","[{""documentId"": ""4PH1-2024-June-1-standard-qp"", ""pdfPages"": [12]}]",[8],Explain,3,[],Spring force depends on extension; Weight stays constant; Resultant force controls acceleration,From release below equilibrium until the first return to the initial equilibrium position.,"[""diagram"", ""scenario""]","[""Acceleration magnitude falls to zero."", ""Spring extension and upward spring force decrease while weight stays constant."", ""The upward resultant therefore falls to zero at equilibrium.""]",linked-reasoning,research/extractions/4PH1-2024-June-1-standard.json#4PH1-2024-June-1-standard.Q5.b.iii,"[""Less stretched can express reduced extension."", ""Balanced forces is suitable if clearly limited to the equilibrium endpoint.""]","[""The support alternatives have a two-mark group cap, not four available marks."", ""Do not equate falling acceleration magnitude with falling speed during this interval.""]","[{""description"": ""Calling the upward-moving object slower because its acceleration falls"", ""origin"": ""editorial""}, {""description"": ""Claiming forces balance throughout the path"", ""origin"": ""editorial""}]",[],source-checked,agent-reviewed,agent-reviewed,Codex Astra,agent,false,,physics-detailed-2026-09-11,2026-09-11
4PH1-2024-June-1-standard.Q12.a,4PH1-2024-June-1-standard,12.a,,leaf,,,[30],"[{""documentId"": ""4PH1-2024-June-1-standard-qp"", ""pdfPages"": [30]}]",[16],Determine,4,[],Instantaneous gradient of a curved velocity-time graph,A car accelerates with constant driving force; draw a tangent at 20 s.,"[""graph"", ""scenario""]","[""Draw a local tangent at 20 s."", ""Calculate change in velocity / change in time using the tangent."", ""Approximately 1.1 m/s\u00b2 is expected.""]",method-marks,research/extractions/4PH1-2024-June-1-standard.json#4PH1-2024-June-1-standard.Q12.a,"[""Clear gradient working can imply the gradient relationship.""]","[""Bands are total-score guidance; preserve preceding construction/method context."", ""Rendering precision matters. Do not reuse these fixed numeric bands for a different generated graph.""]","[{""description"": ""Using a chord from the origin instead of a tangent"", ""origin"": ""editorial""}, {""description"": ""Using velocity at 20 s divided by 20 s as instantaneous acceleration"", ""origin"": ""editorial""}]",[],source-checked,agent-reviewed,agent-reviewed,Codex Astra,agent,false,Browser needs a drawing/coordinate response convention before this source task can be faithfully adapted.,physics-detailed-2026-09-11,2026-09-11
4PH1-2024-June-1-standard.Q12.b,4PH1-2024-June-1-standard,12.b,,leaf,,,"[30, 31]","[{""documentId"": ""4PH1-2024-June-1-standard-qp"", ""pdfPages"": [30]}]",[16],Determine,5,[],Distance as area under a positive velocity-time graph; Numerical graphical estimation,Estimate distance during the first 80 s of the same car journey.,"[""graph"", ""scenario""]","[""Use area between graph and time axis up to 80 s."", ""Estimate by strips, shapes or grid squares."", ""Approximate distance 3750 m; precise source acceptance is banded.""]",method-marks,research/extractions/4PH1-2024-June-1-standard.json#4PH1-2024-June-1-standard.Q12.b,"[""Trapezia, rectangles/triangles and counting squares are allowed.""]","[""Use the graph from page 30; the page 31 prompt alone is insufficient."", ""The native 5-mark task cannot be served under the custom even-mark rule without a separately reviewed adaptation.""]","[{""description"": ""Approximating the entire nonlinear region with one unjustified triangle"", ""origin"": ""editorial""}, {""description"": ""Integrating to 100 s instead of 80 s"", ""origin"": ""editorial""}]",[],source-checked,agent-reviewed,agent-reviewed,Codex Astra,agent,false,,physics-detailed-2026-09-11,2026-09-11
4PH1-2024-June-1-standard.Q12.c,4PH1-2024-June-1-standard,12.c,,leaf,,,"[30, 31]","[{""documentId"": ""4PH1-2024-June-1-standard-qp"", ""pdfPages"": [30]}]",[16],Explain,3,[],Balanced forces; Zero resultant and acceleration; Constant velocity,Explain the constant part of the car’s motion after 80 s.,"[""graph"", ""scenario""]","[""Speed/velocity is constant."", ""Driving force balances air resistance."", ""Resultant and acceleration are zero.""]",linked-reasoning,research/extractions/4PH1-2024-June-1-standard.json#4PH1-2024-June-1-standard.Q12.c,"[""Terminal velocity is accepted for this constant-speed state."", ""Balanced forces may express equality of driving force and resistance.""]","[""The third criterion credits either zero resultant or zero acceleration, not both separately.""]","[{""description"": ""Calling constant velocity rest"", ""origin"": ""editorial""}, {""description"": ""Claiming constant driving force implies constant acceleration despite increasing drag"", ""origin"": ""editorial""}]",[],source-checked,agent-reviewed,agent-reviewed,Codex Astra,agent,false,,physics-detailed-2026-09-11,2026-09-11
4PH1-2024-June-1-standard.Q3.a,4PH1-2024-June-1-standard,3.a,,leaf,,,[6],"[{""documentId"": ""4PH1-2024-June-1-standard-qp"", ""pdfPages"": [6]}]",[6],Give,1,[],Thermal harm from excessive infrared exposure,Infrared lamps used on vehicle paint.,"[""photograph"", ""scenario""]","[""Name a thermal injury: skin, eye or tissue burns.""]",discrete-points,research/extractions/4PH1-2024-June-1-standard.json#4PH1-2024-June-1-standard.Q3.a,"[""The scheme accepts skin damage or surface-cell damage."", ""The scheme rejects skin cancer, cell mutation and sunburn.""]","[""Do not substitute ultraviolet or ionising-radiation mechanisms.""]","[{""description"": ""Confusing infrared heating with mutation/cancer or ultraviolet sunburn."", ""origin"": ""scheme-explicit""}]",[],source-checked,agent-reviewed,agent-reviewed,Codex Astra,agent,false,,physics-detailed-2026-09-11,2026-09-11
4PH1-2024-June-1-standard.Q3.b.i,4PH1-2024-June-1-standard,3.b.i,,leaf,,,[6],"[{""documentId"": ""4PH1-2024-June-1-standard-qp"", ""pdfPages"": [6]}]",[6],Give,2,[],Shared electromagnetic wave properties,Compare infrared radiation and visible light from the lamps.,"[""photograph"", ""scenario""]","[""Choose two distinct shared physical properties and state that each applies to both waves.""]",any-two-distinct,research/extractions/4PH1-2024-June-1-standard.json#4PH1-2024-June-1-standard.Q3.b.i,"[""Both are electromagnetic (or belong to the electromagnetic spectrum), transfer energy, are transverse, are non-ionising, can travel through a vacuum, or share the same speed in a vacuum."", ""The scheme also accepts reflection, refraction or diffraction as shared behaviors.""]","[""Different wording for the same property receives credit once. Stating both EM and both part of the EM spectrum is one idea."", ""Same-speed comparison must specify a vacuum.""]","[{""description"": ""Using two synonymous statements rather than two distinct properties."", ""origin"": ""editorial""}, {""description"": ""Claiming the waves always have the same speed in every material."", ""origin"": ""editorial""}]",[],source-checked,agent-reviewed,agent-reviewed,Codex Astra,agent,false,,physics-detailed-2026-09-11,2026-09-11
4PH1-2024-June-1-standard.Q3.b.ii,4PH1-2024-June-1-standard,3.b.ii,,leaf,,,[6],"[{""documentId"": ""4PH1-2024-June-1-standard-qp"", ""pdfPages"": [6]}]",[6],Give,2,[],Relative frequency and wavelength in the electromagnetic spectrum,Compare properties of infrared and visible radiation.,"[""photograph"", ""scenario""]","[""Infrared has a longer wavelength than visible light."", ""Infrared has a lower frequency than visible light.""]",discrete-points,research/extractions/4PH1-2024-June-1-standard.json#4PH1-2024-June-1-standard.Q3.b.ii,"[""Reverse comparisons for visible light are accepted."", ""The scheme condones saying infrared has lower energy; this is recorded as a source concession, not a claim that a lamp must transfer less total energy.""]","[""Do not award a third mark for restating frequency as photon energy."", ""Comparisons must distinguish the two waves.""]","[{""description"": ""Describing different speeds in a vacuum."", ""origin"": ""editorial""}, {""description"": ""Confusing the energy of an individual photon with total heater power."", ""origin"": ""editorial""}]",[],source-checked,agent-reviewed,agent-reviewed,Codex Astra,agent,false,,physics-detailed-2026-09-11,2026-09-11
4PH1-2024-June-1-standard.Q3.c,4PH1-2024-June-1-standard,3.c,,leaf,,,[7],"[{""documentId"": ""4PH1-2024-June-1-standard-qp"", ""pdfPages"": [6]}]",[6],Calculate,3,[],Rearrange speed=distance/time; Scientific notation and seconds,Infrared travels 1.5 m at the supplied speed 3.0 × 10^8 m/s.,"[""photograph"", ""scenario""]","[""Substitute: 3.0 \u00d7 10^8 = 1.5 / t."", ""Rearrange: t = 1.5 / (3.0 \u00d7 10^8)."", ""Evaluate: t = 5.0 \u00d7 10^-9 s = 0.000000005 s.""]",method-marks,research/extractions/4PH1-2024-June-1-standard.json#4PH1-2024-June-1-standard.Q3.c,"[""5 \u00d7 10^-9 seconds is accepted. Correct decimal equivalent is 0.000000005 seconds.""]","[""Scheme specifies a one-mark deduction for a power-of-ten error; do not repeatedly penalise the same POT mistake."", ""The scheme's listed decimal 0.00000005 conflicts with its scientific answer. Preserve this discrepancy, never infer that both numerical values are physically correct.""]","[{""description"": ""Dividing speed by distance, or mishandling 10^8 in a denominator."", ""origin"": ""editorial""}, {""description"": ""Power-of-ten error."", ""origin"": ""scheme-explicit""}]",[],source-checked,agent-reviewed,agent-reviewed,Codex Astra,agent,false,Source decimal alternative inconsistency must be explicitly resolved before activating a marking template.,physics-detailed-2026-09-11,2026-09-11
4PH1-2024-June-1-standard.Q3.d,4PH1-2024-June-1-standard,3.d,,leaf,,,[7],"[{""documentId"": ""4PH1-2024-June-1-standard-qp"", ""pdfPages"": [6]}]",[6],Explain,2,[],Infrared absorption and surface color; Energy transfer over equal time,White paint takes longer than black paint to harden under the heating lamps.,"[""photograph"", ""scenario""]","[""Black paint absorbs infrared more strongly than white paint."", ""More energy reaches black paint in the same time, so it warms/hardens sooner under the stated conditions.""]",linked-reasoning,research/extractions/4PH1-2024-June-1-standard.json#4PH1-2024-June-1-standard.Q3.d,"[""Reverse explanations in terms of white paint are accepted."", ""The scheme explicitly awards both marks for saying black absorbs more energy/heat; two separately written sentences are not required.""]","[""Credit physical ideas, not the number of sentences."", ""Do not confuse absorption of incident radiation with stronger emission from the surface.""]","[{""description"": ""Only stating that black hardens faster without explaining absorption."", ""origin"": ""editorial""}, {""description"": ""Explaining the observation solely by black paint emitting more infrared."", ""origin"": ""editorial""}]",[],source-checked,agent-reviewed,agent-reviewed,Codex Astra,agent,false,,physics-detailed-2026-09-11,2026-09-11
4PH1-2024-June-1-standard.Q8,4PH1-2024-June-1-standard,8,,leaf,,,"[18, 19]","[{""documentId"": ""4PH1-2024-June-1-standard-qp"", ""pdfPages"": [18, 19]}]",[11],Explain,6,[],Refraction from air into water; Angles measured from the normal; Refractive index n = sin(i)/sin(r); Speed and optical density; Conditions for total internal reflection,"Two incident rays from air meet a water boundary on a scale diagram; explain, calculate and draw their paths.","[""ray-diagram"", ""scale-diagram"", ""numerical-data""]","[""Draw a perpendicular normal at each point of incidence. Read angles to the normal, approximately 36\u00b0 for A and 60\u00b0 for B."", ""Use sin(r) = sin(i)/1.33 in degree mode: r_A \u2248 26.2\u00b0 and r_B \u2248 40.6\u00b0."", ""Extend both rays into the water towards their normals, at the calculated angles, with arrows showing travel into water."", ""Water is optically denser than air; light travels more slowly in water, explaining the change in direction."", ""Total internal reflection cannot occur for this air-to-water direction. A critical-angle calculation does not answer this question.""]",any-six-of-seven-with-joint-cap,research/extractions/4PH1-2024-June-1-standard.json#4PH1-2024-June-1-standard.Q8,"[""Ray paths and angles can be evidenced on the diagram rather than repeated in prose."", ""MP4 allows error carried forward from the measured incidence angle; a measured-angle error does not automatically lose both angle marks."", ""Ignore reflected rays in this source scheme."", ""The scheme's reversed optical-density concession applies to historical MP5 only; no publisher correction has been obtained.""]","[""Angles are measured relative to the normal, not the surface."", ""Apply the MP1/MP2 joint cap before the six-mark total cap."", ""Credit MP3 once and MP4 once even if both rays are measured and calculated."", ""A text-only adaptation cannot silently retain the original drawing demand.""]","[{""description"": ""Measuring the incidence angle from the boundary."", ""origin"": ""editorial""}, {""description"": ""Drawing refraction away from the normal when light enters water."", ""origin"": ""scheme-explicit""}, {""description"": ""Calculating a critical angle despite travel from lower to higher optical density."", ""origin"": ""scheme-explicit""}]",[],source-checked,agent-reviewed,agent-reviewed,Codex Astra,agent,false,Original drawing response has no implemented calibrated capture/marking interface.; Historical optical-density concession retained; an original generated rubric must explicitly use physically correct density.,physics-detailed-2026-09-11,2026-09-11
4PH1-2024-June-1-standard.Q7.a,4PH1-2024-June-1-standard,7.a,,leaf,,,[16],"[{""documentId"": ""4PH1-2024-June-1-standard-qp"", ""pdfPages"": [16]}]",[10],Explain,2,[],Parallel domestic lighting,Three independently switched lamps share the supply.,"[""circuit-diagram"", ""numerical-data""]","[""Lamps can be controlled independently."", ""Each lamp has its own parallel branch.""]",discrete-points,research/extractions/4PH1-2024-June-1-standard.json#4PH1-2024-June-1-standard.Q7.a,"[""One lamp on while others off is accepted."", ""The full-voltage alternative also earns the advantage mark.""]","[""Connect the advantage to the parallel arrangement.""]","[{""description"": ""Naming parallel without explaining its useful consequence."", ""origin"": ""editorial""}]",[],source-checked,agent-reviewed,agent-reviewed,Codex Astra,agent,false,,physics-detailed-2026-09-11,2026-09-11
4PH1-2024-June-1-standard.Q7.b.i,4PH1-2024-June-1-standard,7.b.i,,leaf,,,[16],"[{""documentId"": ""4PH1-2024-June-1-standard-qp"", ""pdfPages"": [16]}]",[10],Give,1,[],Charge carriers in a metallic circuit,Identify the moving charged particle.,"[""circuit-diagram"", ""numerical-data""]","[""Electrons move in solid metal wires.""]",discrete-points,research/extractions/4PH1-2024-June-1-standard.json#4PH1-2024-June-1-standard.Q7.b.i,"[""Retain ions only as a historical allowance; current-specification metal-conduction teaching uses electrons.""]","[""Do not teach ions as moving carriers inside solid metal wires.""]","[{""description"": ""Treating ions as the mobile carriers in solid metal wires."", ""origin"": ""editorial""}]",[],source-checked,agent-reviewed,agent-reviewed,Codex Astra,agent,false,Historical ion allowance is kept separate from correct metal-conduction teaching.,physics-detailed-2026-09-11,2026-09-11
4PH1-2024-June-1-standard.Q7.b.ii,4PH1-2024-June-1-standard,7.b.ii,,leaf,,,[17],"[{""documentId"": ""4PH1-2024-June-1-standard-qp"", ""pdfPages"": [16, 17]}]",[10],Show that,3,[],P = IV; mA conversion; significant figures,Show about 5 W for lamp 1 at 230 V and 22 mA.,"[""circuit-diagram"", ""numerical-data""]","[""22 mA = 0.022 A."", ""P = 230 \u00d7 0.022."", ""P = 5.06 W or 5.1 W, consistent with about 5 W.""]",discrete-points,research/extractions/4PH1-2024-June-1-standard.json#4PH1-2024-June-1-standard.Q7.b.ii,"[""Ignore units in this source task."", ""The scheme condones a reverse calculation of current or voltage from 5 W to at least three significant figures for full marks.""]","[""A bare 5 W only repeats the target."", ""Preserve the reverse-calculation concession separately when designing an original forward-task rubric.""]","[{""description"": ""Using 22 A rather than converting 22 mA to 0.022 A."", ""origin"": ""scheme-explicit""}]",[],source-checked,agent-reviewed,agent-reviewed,Codex Astra,agent,false,,physics-detailed-2026-09-11,2026-09-11
4PH1-2024-June-1-standard.Q7.b.iii,4PH1-2024-June-1-standard,7.b.iii,,leaf,,,[17],"[{""documentId"": ""4PH1-2024-June-1-standard-qp"", ""pdfPages"": [16, 17]}]",[10],Calculate,3,[],P = E/t; electrical energy; earlier-answer dependency,Find energy from lamp 1 over 30 s.,"[""circuit-diagram"", ""numerical-data""]","[""Rearrange E = Pt."", ""Use the approximate 5 W or the previously calculated power."", ""5 \u00d7 30 = 150 J; 5.06 \u00d7 30 = 151.8 J.""]",discrete-points,research/extractions/4PH1-2024-June-1-standard.json#4PH1-2024-June-1-standard.Q7.b.iii,"[""Allow 151.8, 152 or 153 J."", ""Allow error carried forward from (b.ii)."", ""Deduct one mark for a power-of-ten error as stated in the scheme.""]","[""Preserve the learner's earlier power when applying error carried forward."", ""Apply any deduction without allowing a negative score.""]","[{""description"": ""Power-of-ten error in the energy calculation."", ""origin"": ""scheme-explicit""}]",[],source-checked,agent-reviewed,agent-reviewed,Codex Astra,agent,false,,physics-detailed-2026-09-11,2026-09-11
4PH1-2024-June-1-standard.Q7.c.i,4PH1-2024-June-1-standard,7.c.i,,leaf,,,[17],"[{""documentId"": ""4PH1-2024-June-1-standard-qp"", ""pdfPages"": [16, 17]}]",[10],State,1,[],Voltage as energy per charge,Define voltage.,"[""circuit-diagram"", ""numerical-data""]","[""Voltage is energy transferred per unit charge passed.""]",discrete-points,research/extractions/4PH1-2024-June-1-standard.json#4PH1-2024-June-1-standard.Q7.c.i,"[""V = E/Q only accepted if all terms are defined."", ""Work done and energy transferred are equivalent here.""]","[""An undefined equation alone does not meet the source definition rule.""]","[{""description"": ""Giving an undefined equation instead of explaining energy per charge."", ""origin"": ""scheme-explicit""}]",[],source-checked,agent-reviewed,agent-reviewed,Codex Astra,agent,false,,physics-detailed-2026-09-11,2026-09-11
4PH1-2024-June-1-standard.Q7.c.ii,4PH1-2024-June-1-standard,7.c.ii,,leaf,,,[17],"[{""documentId"": ""4PH1-2024-June-1-standard-qp"", ""pdfPages"": [16, 17]}]",[10],Calculate,2,[],Current conservation; open branches,"Lamps 1 and 3 on, lamp 2 switch open; find supply current in mA.","[""circuit-diagram"", ""numerical-data""]","[""Exclude lamp 2's open branch."", ""22 + 17 = 39 mA.""]",discrete-points,research/extractions/4PH1-2024-June-1-standard.json#4PH1-2024-June-1-standard.Q7.c.ii,"[""60, 65 or 82 mA earns one mark under the source scheme.""]","[""Answer line is in mA; no conversion is required."", ""Parallel branches share voltage, not necessarily current.""]","[{""description"": ""Adding the open branch's 43 mA to the supply total."", ""origin"": ""scheme-explicit""}]",[],source-checked,agent-reviewed,agent-reviewed,Codex Astra,agent,false,,physics-detailed-2026-09-11,2026-09-11
4PH1-2024-June-1-standard.Q6.a,4PH1-2024-June-1-standard,6.a,,leaf,,,[14],"[{""documentId"": ""4PH1-2024-June-1-standard-qp"", ""pdfPages"": [14]}]",[9],Draw,1,[],Direction of external magnetic field lines into a south pole,Add arrows to the given field lines outside the south end of a bar magnet.,"[""magnetic-field-diagram""]","[""Place at least two arrows directed towards the south pole.""]",discrete-points,research/extractions/4PH1-2024-June-1-standard.json#4PH1-2024-June-1-standard.Q6.a,"[""The source condones arrows not on existing field lines.""]","[""Reject this mark if any arrow points away from the south pole; one correct arrow is insufficient.""]","[{""description"": ""Reversing the external field direction at a south pole."", ""origin"": ""scheme-explicit""}]",[],source-checked,agent-reviewed,agent-reviewed,Codex Astra,agent,false,Drawing-response recognition and contradictory-arrow calibration are not implemented.,physics-detailed-2026-09-11,2026-09-11
4PH1-2024-June-1-standard.Q6.b,4PH1-2024-June-1-standard,6.b,,leaf,,,[14],"[{""documentId"": ""4PH1-2024-June-1-standard-qp"", ""pdfPages"": [14]}]",[9],Select,1,[],Recognition of a magnetic substance,"Choose which of copper, nickel, plastic and zinc is attracted to the bar magnet in the school-level classification.","[""multiple-choice-options""]","[""Select B, nickel.""]",discrete-points,research/extractions/4PH1-2024-June-1-standard.json#4PH1-2024-June-1-standard.Q6.b,[],"[""Single-choice response; preserve the original one-mark demand separately from the custom 2/4/6-mark blueprint.""]","[{""description"": ""Choosing copper, plastic or zinc instead of nickel."", ""origin"": ""scheme-explicit""}]",[],source-checked,agent-reviewed,agent-reviewed,Codex Astra,agent,false,,physics-detailed-2026-09-11,2026-09-11
4PH1-2024-June-1-standard.Q6.c,4PH1-2024-June-1-standard,6.c,,leaf,,,[14],"[{""documentId"": ""4PH1-2024-June-1-standard-qp"", ""pdfPages"": [14]}]",[9],Explain,2,[],Magnetic field-line spacing represents relative field strength,Use the spreading field-line pattern to explain how strength changes away from the south pole.,"[""magnetic-field-diagram""]","[""Line spacing increases with distance from the pole."", ""More widely spaced field lines represent a weaker magnetic field.""]",discrete-points,research/extractions/4PH1-2024-June-1-standard.json#4PH1-2024-June-1-standard.Q6.c,"[""Reverse argument accepted."", ""For this particular diagram the source permits 'field lines are not parallel' for both marks; this shortcut is not a complete general definition of field strength.""]","[""Ignore references to forces. Use the line-spacing/strength explanation in original teaching.""]","[{""description"": ""Describing the spacing without linking it to field strength."", ""origin"": ""editorial""}]",[],source-checked,agent-reviewed,agent-reviewed,Codex Astra,agent,false,,physics-detailed-2026-09-11,2026-09-11
4PH1-2024-June-1-standard.Q6.d.i,4PH1-2024-June-1-standard,6.d.i,,leaf,,,"[14, 15]","[{""documentId"": ""4PH1-2024-June-1-standard-qp"", ""pdfPages"": [14, 15]}]",[9],Explain,2,[],Induced magnetism; Unlike poles attract,Explain attraction of an initially unmagnetised iron piece placed near the bar magnet's south pole.,"[""magnetic-field-diagram""]","[""A north pole is induced at the end of the iron nearest the south pole."", ""The adjacent unlike poles attract.""]",discrete-points,research/extractions/4PH1-2024-June-1-standard.json#4PH1-2024-June-1-standard.Q6.d.i,"[""Induced north pole may be shown on the diagram."", ""North is attracted to south is accepted.""]","[""Ignore references to charge; magnetic poles are required, not electrostatic charge labels.""]","[{""description"": ""Putting the induced south pole at the end nearest the bar magnet's south pole."", ""origin"": ""editorial""}]",[],source-checked,agent-reviewed,agent-reviewed,Codex Astra,agent,false,Combined diagram/text response marking remains uncalibrated.,physics-detailed-2026-09-11,2026-09-11
4PH1-2024-June-1-standard.Q6.d.ii,4PH1-2024-June-1-standard,6.d.ii,,leaf,,,[15],"[{""documentId"": ""4PH1-2024-June-1-standard-qp"", ""pdfPages"": [15]}]",[9],Explain,2,[],Magnetically soft materials do not retain strong induced magnetism,Explain why the iron piece should not be described as a permanent magnet.,"[""magnetic-field-diagram"", ""scenario""]","[""Iron is magnetically soft."", ""It loses its induced magnetism when removed from the external field.""]",discrete-points,research/extractions/4PH1-2024-June-1-standard.json#4PH1-2024-June-1-standard.Q6.d.ii,"[""Iron is easily demagnetised is accepted."", ""Iron is magnetic only in an external field is accepted by this source.""]","[""The source ignores merely saying 'soft magnet' or 'temporary magnet'; describe the material property and loss of magnetism.""]","[{""description"": ""Naming a temporary magnet without explaining its material property or behaviour on removal."", ""origin"": ""scheme-explicit""}]",[],source-checked,agent-reviewed,agent-reviewed,Codex Astra,agent,false,,physics-detailed-2026-09-11,2026-09-11
4PH1-2024-June-1-standard.Q1.a.i,4PH1-2024-June-1-standard,1.a.i,,leaf,,,[3],"[{""documentId"": ""4PH1-2024-June-1-standard-qp"", ""pdfPages"": [3]}]",[4],Draw,2,[],Orbit geometry,Draw a labelled Moon–Earth orbital diagram.,"[""drawing-prompt""]","[""Show a labelled Moon following an approximately circular path around Earth."", ""Place Earth approximately at the centre.""]",discrete-points,research/extractions/4PH1-2024-June-1-standard.json#4PH1-2024-June-1-standard.Q1.a.i,"[""Planet may substitute for Earth in labels; circularity judged by eye.""]","[""Ignore attempts at 3D drawing; retain the source's circular-orbit approximation.""]","[{""description"": ""Omitting the orbit or placing Earth on its edge."", ""origin"": ""editorial""}]",[],source-checked,agent-reviewed,agent-reviewed,Codex Astra,agent,false,Drawing recognition and label/geometry calibration are pending.,physics-detailed-2026-09-11,2026-09-11
4PH1-2024-June-1-standard.Q1.a.ii,4PH1-2024-June-1-standard,1.a.ii,,leaf,,,[3],"[{""documentId"": ""4PH1-2024-June-1-standard-qp"", ""pdfPages"": [3]}]",[4],Name,1,[],Gravitational orbital force,Name the force maintaining the Moon's Earth orbit.,"[""scenario""]","[""State gravitational force.""]",discrete-points,research/extractions/4PH1-2024-June-1-standard.json#4PH1-2024-June-1-standard.Q1.a.ii,"[""Gravity accepted.""]","[""Ignore weight, centripetal and centrifugal as standalone names; reject gravitational potential or gravitational field strength.""]","[{""description"": ""Naming a quantity or the generic centripetal role instead of the physical interaction."", ""origin"": ""scheme-explicit""}]",[],source-checked,agent-reviewed,agent-reviewed,Codex Astra,agent,false,,physics-detailed-2026-09-11,2026-09-11
4PH1-2024-June-1-standard.Q1.a.iii,4PH1-2024-June-1-standard,1.a.iii,,leaf,,,[3],"[{""documentId"": ""4PH1-2024-June-1-standard-qp"", ""pdfPages"": [3]}]",[4],Name,1,[],Earth-orbiting objects,Give another object orbiting Earth.,"[""scenario""]","[""Name an artificial satellite or space station.""]",discrete-points,research/extractions/4PH1-2024-June-1-standard.json#4PH1-2024-June-1-standard.Q1.a.iii,"[""Suitable orbital rocket debris accepted.""]","[""Reject comet in this Earth-orbit context.""]","[{""description"": ""Choosing a comet that orbits the Sun rather than an Earth orbiter."", ""origin"": ""scheme-explicit""}]",[],source-checked,agent-reviewed,agent-reviewed,Codex Astra,agent,false,,physics-detailed-2026-09-11,2026-09-11
4PH1-2024-June-1-standard.Q1.b,4PH1-2024-June-1-standard,1.b,,leaf,,,[3],"[{""documentId"": ""4PH1-2024-June-1-standard-qp"", ""pdfPages"": [3]}]",[4],Compare,1,[],Planet and comet orbital differences,Compare planet and comet orbits around a star.,"[""scenario""]","[""Compare a nearly circular planetary orbit with a more elongated comet orbit.""]",discrete-points,research/extractions/4PH1-2024-June-1-standard.json#4PH1-2024-June-1-standard.Q1.b,"[""Planet constant orbital radius versus comet variable radius is accepted.""]","[""An explicit comparison is needed; ignore orbital period or path-length claims. Speed/radius constancy is the near-circular model, not a universal claim about all real planets.""]","[{""description"": ""Giving only one object's property or comparing orbital periods without support."", ""origin"": ""scheme-explicit""}]",[],source-checked,agent-reviewed,agent-reviewed,Codex Astra,agent,false,,physics-detailed-2026-09-11,2026-09-11
4PH1-2024-June-1-standard.Q2.a,4PH1-2024-June-1-standard,2.a,,leaf,,,[4],"[{""documentId"": ""4PH1-2024-June-1-standard-qp"", ""pdfPages"": [4]}]",[5],Select,1,[],Isotopes share proton number,"Compare carbon with 6 protons/8 neutrons against rows (6,6), (6,8), (8,6), (8,8).","[""table"", ""multiple-choice-options""]","[""Keep 6 protons but change the neutron count: A, 6 neutrons.""]",discrete-points,research/extractions/4PH1-2024-June-1-standard.json#4PH1-2024-June-1-standard.Q2.a,[],"[""Single-choice task. B is the same isotope; C/D are a different element.""]","[{""description"": ""Changing proton number rather than neutron number."", ""origin"": ""scheme-explicit""}]",[],source-checked,agent-reviewed,agent-reviewed,Codex Astra,agent,false,,physics-detailed-2026-09-11,2026-09-11
4PH1-2024-June-1-standard.Q2.b,4PH1-2024-June-1-standard,2.b,,leaf,,,[4],"[{""documentId"": ""4PH1-2024-June-1-standard-qp"", ""pdfPages"": [4]}]",[5],Select,1,[],Beta-minus particle identity,Choose the radiation consisting of a high-energy electron.,"[""multiple-choice-options""]","[""Select B, beta.""]",discrete-points,research/extractions/4PH1-2024-June-1-standard.json#4PH1-2024-June-1-standard.Q2.b,[],"[""Alpha is a helium nucleus; gamma an electromagnetic wave; a neutron is not an electron.""]","[{""description"": ""Confusing beta-minus particles with gamma rays."", ""origin"": ""scheme-explicit""}]",[],source-checked,agent-reviewed,agent-reviewed,Codex Astra,agent,false,,physics-detailed-2026-09-11,2026-09-11
4PH1-2024-June-1-standard.Q2.c,4PH1-2024-June-1-standard,2.c,,leaf,,,[4],"[{""documentId"": ""4PH1-2024-June-1-standard-qp"", ""pdfPages"": [4]}]",[5],Select,1,[],Effects of nuclear emissions,Mass number drops by one and proton number is unchanged.,"[""multiple-choice-options""]","[""Select D, neutron radiation.""]",discrete-points,research/extractions/4PH1-2024-June-1-standard.json#4PH1-2024-June-1-standard.Q2.c,[],"[""Alpha reduces mass number by four and atomic number by two; beta-minus raises atomic number without changing mass number; gamma changes neither.""]","[{""description"": ""Choosing gamma because proton number is unchanged while overlooking the mass change."", ""origin"": ""editorial""}]",[],source-checked,agent-reviewed,agent-reviewed,Codex Astra,agent,false,,physics-detailed-2026-09-11,2026-09-11
4PH1-2024-June-1-standard.Q2.d,4PH1-2024-June-1-standard,2.d,,leaf,,,[5],"[{""documentId"": ""4PH1-2024-June-1-standard-qp"", ""pdfPages"": [5]}]",[5],Select,1,[],Nuclear notation and ionic charge,Uranium-238 has proton number 92; choose an electron count consistent with a positive ion.,"[""nuclear-symbol"", ""multiple-choice-options""]","[""Positive charge requires fewer electrons than the 92 protons."", ""Only option A, 90 electrons, meets this condition.""]",discrete-points,research/extractions/4PH1-2024-June-1-standard.json#4PH1-2024-June-1-standard.Q2.d,[],"[""92 is neutral; 146 and 238 imply negative net charge. The question asks a possible count, not an inferred universal uranium ion charge.""]","[{""description"": ""Using nucleon or neutron number as the electron count."", ""origin"": ""editorial""}]",[],source-checked,agent-reviewed,agent-reviewed,Codex Astra,agent,false,,physics-detailed-2026-09-11,2026-09-11
4PH1-2024-June-1-standard.Q2.e,4PH1-2024-June-1-standard,2.e,,leaf,,,[5],"[{""documentId"": ""4PH1-2024-June-1-standard-qp"", ""pdfPages"": [5]}]",[5],Select,1,[],Half-life activity calculation,Activity starts at 400 Bq with half-life 8 hours; find activity after 16 hours.,"[""numerical-data"", ""multiple-choice-options""]","[""16/8 = 2 half-lives."", ""400 \u2192 200 \u2192 100 Bq; choose C.""]",discrete-points,research/extractions/4PH1-2024-June-1-standard.json#4PH1-2024-June-1-standard.Q2.e,[],"[""A/B correspond to four/three half-lives and D to one half-life.""]","[{""description"": ""Dividing activity by the number of half-lives instead of halving repeatedly."", ""origin"": ""editorial""}]",[],source-checked,agent-reviewed,agent-reviewed,Codex Astra,agent,false,,physics-detailed-2026-09-11,2026-09-11
4PH1-2024-June-1-standard.Q9.a,4PH1-2024-June-1-standard,9.a,,leaf,,,[20],"[{""documentId"": ""4PH1-2024-June-1-standard-qp"", ""pdfPages"": [20]}]",[12],State,1,[],Gas pressure at initial sealing,A bottle is sealed in cabin air at 80 kPa; find its pressure immediately after sealing.,"[""photograph"", ""numerical-data""]","[""Before sealing, the bottle air is in contact with cabin air."", ""The initial trapped-air pressure is 80 kPa.""]",discrete-points,research/extractions/4PH1-2024-June-1-standard.json#4PH1-2024-June-1-standard.Q9.a,[],"[""Use the instant of sealing, before subsequent cabin-pressure changes.""]","[{""description"": ""Substituting sea-level pressure for the given cabin pressure."", ""origin"": ""editorial""}]",[],source-checked,agent-reviewed,agent-reviewed,Codex Astra,agent,false,,physics-detailed-2026-09-11,2026-09-11
4PH1-2024-June-1-standard.Q9.b,4PH1-2024-June-1-standard,9.b,,leaf,,,"[20, 21]","[{""documentId"": ""4PH1-2024-June-1-standard-qp"", ""pdfPages"": [20, 21]}]",[12],Explain,2,[],Pressure difference causes resultant force; Gas compression,The sealed bottle collapses as cabin pressure rises during descent.,"[""photograph"", ""scenario""]","[""External pressure becomes greater than the internal pressure, causing an inward resultant force."", ""Compression decreases volume and increases the trapped gas pressure.""]",discrete-points,research/extractions/4PH1-2024-June-1-standard.json#4PH1-2024-June-1-standard.Q9.b,"[""External pressure exceeds internal pressure is accepted for the pressure-increase point.""]","[""Each source point earns at most one mark; maximum two. A future gas-law model must specify thermal conditions rather than assume Boyle's law always applies.""]","[{""description"": ""Claiming gas is sucked out through a sealed lid."", ""origin"": ""editorial""}]",[],source-checked,agent-reviewed,agent-reviewed,Codex Astra,agent,false,,physics-detailed-2026-09-11,2026-09-11
4PH1-2024-June-1-standard.Q9.c,4PH1-2024-June-1-standard,9.c,,leaf,,,[21],"[{""documentId"": ""4PH1-2024-June-1-standard-qp"", ""pdfPages"": [21]}]",[12],Explain,3,[],Molecular origin of pressure,Explain gas pressure on a bottle surface.,"[""scenario""]","[""Molecules move randomly and collide with the wall."", ""Wall collisions exert force; pressure is that force per area.""]",discrete-points,research/extractions/4PH1-2024-June-1-standard.json#4PH1-2024-June-1-standard.Q9.c,"[""Particles/atoms allowed for molecules."", ""Bounce or hit allowed for collide."", ""p = F/A accepted for the pressure definition.""]","[""Ignore collisions described only between molecules; the credited collisions involve the bottle surface.""]","[{""description"": ""Mentioning molecular collisions without identifying the container wall."", ""origin"": ""scheme-explicit""}]",[],source-checked,agent-reviewed,agent-reviewed,Codex Astra,agent,false,,physics-detailed-2026-09-11,2026-09-11
4PH1-2024-June-1-standard.Q4.a,4PH1-2024-June-1-standard,4.a,,leaf,,,[8],"[{""documentId"": ""4PH1-2024-June-1-standard-qp"", ""pdfPages"": [8]}]",[7],Complete,4,[],Energy stores during gravitational collapse; Scope ends before the main-sequence stage,Identify changes in four energy stores as a nebula collapses before the main-sequence star forms.,"[""table""]","[""Judge each row independently within the stated pre-main-sequence interval.""]",discrete-points,research/extractions/4PH1-2024-June-1-standard.json#4PH1-2024-June-1-standard.Q4.a,[],"[""Reject credit for a row containing more than one tick.""]","[{""description"": ""Changing the nuclear store by answering for the later main-sequence stage."", ""origin"": ""agent-inferred""}]",[],source-checked,agent-reviewed,agent-reviewed,Codex Astra,agent,false,,physics-detailed-2026-09-11,2026-09-11
4PH1-2024-June-1-standard.Q4.b,4PH1-2024-June-1-standard,4.b,,leaf,,,[8],"[{""documentId"": ""4PH1-2024-June-1-standard-qp"", ""pdfPages"": [8]}]",[7],Give,1,[],Initial stellar mass controls the evolutionary branch,Identify the property determining a red-giant or red-supergiant evolution route.,"[""scenario""]","[""Name mass.""]",discrete-points,research/extractions/4PH1-2024-June-1-standard.json#4PH1-2024-June-1-standard.Q4.b,[],"[""Ignore size or weight.""]","[{""description"": ""Naming size instead of mass."", ""origin"": ""scheme-reject-or-ignore""}]",[],source-checked,agent-reviewed,agent-reviewed,Codex Astra,agent,false,,physics-detailed-2026-09-11,2026-09-11
4PH1-2024-June-1-standard.Q4.c,4PH1-2024-June-1-standard,4.c,,leaf,,,[9],"[{""documentId"": ""4PH1-2024-June-1-standard-qp"", ""pdfPages"": [9]}]",[7],Discuss,4,[],"Compare red giants and white dwarfs; Stellar brightness, temperature, size, fusion and density",Compare a red giant with the white dwarf in its subsequent evolution.,"[""scenario""]","[""Credit up to four distinct source comparison points; reversed comparisons are acceptable."", ""Retain the historical scheme allowances separately from future scientifically qualified teaching.""]",discrete-points,research/extractions/4PH1-2024-June-1-standard.json#4PH1-2024-June-1-standard.Q4.c,"[""Reverse arguments accepted for every pool point."", ""Brightness: allow luminosity, power, emitted light or absolute magnitude."", ""For the source fusion point, allow the red giant having more hydrogen."", ""For size, the source condones a greater-mass comparison."", ""For surface temperature, allow the red giant being cooler.""]","[""Maximum four marks; do not credit synonyms for the same comparison twice.""]","[{""description"": ""Giving two labels without an explicit comparison."", ""origin"": ""agent-inferred""}]",[],source-checked,agent-reviewed,agent-reviewed,Codex Astra,agent,false,Future comparison-family calibration needs explicit evolutionary-stage and planetary-nebula lifetime scope; historical source allowances are recorded but not activated.,physics-detailed-2026-09-11,2026-09-11
4PH1-2024-June-1-standard.Q10.a,4PH1-2024-June-1-standard,10.a,,leaf,,,[22],"[{""documentId"": ""4PH1-2024-June-1-standard-qp"", ""pdfPages"": [22]}]",[13],Calculate,2,[],Weight equation; Grams to kilograms,Find the weight of a 250 g load using the supplied weight formula.,"[""scenario""]","[""Convert 250 g to 0.250 kg."", ""Substitute into W=mg and evaluate.""]",discrete-points,research/extractions/4PH1-2024-June-1-standard.json#4PH1-2024-June-1-standard.Q10.a,"[""Allow g=9.8 or 9.81, giving 2.45 or 2.4525 N.""]","[""Ignore units; deduct one mark for a clear power-of-ten mass conversion error.""]","[{""description"": ""Treating 250 g as 250 kg."", ""origin"": ""scheme-reject-or-ignore""}]",[],source-checked,agent-reviewed,agent-reviewed,Codex Astra,agent,false,,physics-detailed-2026-09-11,2026-09-11
4PH1-2024-June-1-standard.Q10.b.i,4PH1-2024-June-1-standard,10.b.i,,leaf,,,"[22, 23]","[{""documentId"": ""4PH1-2024-June-1-standard-qp"", ""pdfPages"": [22, 23]}]",[13],Give,2,[],Independent and dependent experimental variables,Identify variables when overhanging strip length is changed and its downward displacement measured.,"[""apparatus-diagram"", ""method""]","[""Identify length L as independent and height h as dependent.""]",discrete-points,research/extractions/4PH1-2024-June-1-standard.json#4PH1-2024-June-1-standard.Q10.b.i,"[""Allow L/l and H/h."", ""Condone length of the wooden strip for the independent variable.""]",[],"[{""description"": ""Reversing the changed and measured quantities."", ""origin"": ""agent-inferred""}]",[],source-checked,agent-reviewed,agent-reviewed,Codex Astra,agent,false,,physics-detailed-2026-09-11,2026-09-11
4PH1-2024-June-1-standard.Q10.b.ii,4PH1-2024-June-1-standard,10.b.ii,,leaf,,,"[22, 23]","[{""documentId"": ""4PH1-2024-June-1-standard-qp"", ""pdfPages"": [22, 23]}]",[13],Give,2,[],Control variables,Name two quantities to hold constant in the strip bending investigation.,"[""apparatus-diagram"", ""method""]","[""Select two distinct valid controls from the source pool.""]",discrete-points,research/extractions/4PH1-2024-June-1-standard.json#4PH1-2024-June-1-standard.Q10.b.ii,"[""Allow same wooden strip for one of thickness/material when neither corresponding mark is otherwise earned; do not turn one vague phrase into two credits.""]","[""Ignore same load on its own.""]","[{""description"": ""Naming the changed length as a control."", ""origin"": ""agent-inferred""}]",[],source-checked,agent-reviewed,agent-reviewed,Codex Astra,agent,false,,physics-detailed-2026-09-11,2026-09-11
4PH1-2024-June-1-standard.Q10.b.iii,4PH1-2024-June-1-standard,10.b.iii,,leaf,,,"[22, 23]","[{""documentId"": ""4PH1-2024-June-1-standard-qp"", ""pdfPages"": [22, 23]}]",[13],Suggest,2,[],Measure vertical displacement accurately,Suggest how to measure the strip-end drop h accurately.,"[""apparatus-diagram"", ""method""]","[""Choose two suitable measurement details; alternative valid methods may earn credit.""]",discrete-points,research/extractions/4PH1-2024-June-1-standard.json#4PH1-2024-June-1-standard.Q10.b.iii,"[""Tape measure allowed; metre stick condoned."", ""An alternative may subtract loaded/unloaded heights measured from the ground.""]","[""Ignore unqualified reference to parallax error.""]","[{""description"": ""Only saying avoid parallax without explaining eye level or alignment."", ""origin"": ""scheme-reject-or-ignore""}]",[],source-checked,agent-reviewed,agent-reviewed,Codex Astra,agent,false,,physics-detailed-2026-09-11,2026-09-11
4PH1-2024-June-1-standard.Q10.c.i,4PH1-2024-June-1-standard,10.c.i,,leaf,,,[24],"[{""documentId"": ""4PH1-2024-June-1-standard-qp"", ""pdfPages"": [24]}]",[14],Determine,2,[],Measure a scale diagram; Apply a scale factor,Measure the vertical displacement on the supplied scale diagram when L=80 cm; 1 cm represents 10 cm.,"[""scale-diagram"", ""table""]","[""Measure 3.1 cm on the original-size diagram, within 3.0\u20133.2 cm."", ""Multiply by 10 to obtain 31 cm.""]",discrete-points,research/extractions/4PH1-2024-June-1-standard.json#4PH1-2024-June-1-standard.Q10.c.i,"[""A final answer 30\u201332 cm scores both marks."", ""Allow \u00d710 shown in working.""]","[""The measurement depends on the original printed dimensions; screen pixels and resized screenshots are not centimetres.""]","[{""description"": ""Using the sloping strip length instead of vertical height."", ""origin"": ""agent-inferred""}]",[],source-checked,agent-reviewed,agent-reviewed,Codex Astra,agent,false,Calibrated physical-scale rendering or an equivalent explicit numerical stimulus is required before generation/marking.,physics-detailed-2026-09-11,2026-09-11
4PH1-2024-June-1-standard.Q10.c.ii,4PH1-2024-June-1-standard,10.c.ii,,leaf,,,"[24, 25]","[{""documentId"": ""4PH1-2024-June-1-standard-qp"", ""pdfPages"": [24, 25]}]",[14],Plot,2,[],Choose graph scales; Plot experimental data,"Plot the six strip-length/height data pairs, using the height obtained in part c.i.","[""table"", ""graph-grid""]","[""Choose suitable linear axes using more than half the grid."", ""Plot all points to the nearest half small square.""]",discrete-points,research/extractions/4PH1-2024-June-1-standard.json#4PH1-2024-June-1-standard.Q10.c.ii,"[""False origin allowed."", ""Apply error carried forward from c.i for the 80 cm point.""]","[""Reject if a non-linear scale is used.""]","[{""description"": ""Treating a non-linear relation as permission to use non-linear axis scales."", ""origin"": ""agent-inferred""}]",[],source-checked,agent-reviewed,agent-reviewed,Codex Astra,agent,false,Graph input and geometric plotting-tolerance marking have not been implemented or calibrated.,physics-detailed-2026-09-11,2026-09-11
4PH1-2024-June-1-standard.Q10.c.iii,4PH1-2024-June-1-standard,10.c.iii,,leaf,,,"[24, 25]","[{""documentId"": ""4PH1-2024-June-1-standard-qp"", ""pdfPages"": [24, 25]}]",[14],Draw,1,[],Curve of best fit,Draw a best-fit curve for the plotted strip data from L=20 to 120 cm.,"[""table"", ""graph-grid""]","[""Draw a smooth curve balancing points on either side across the measured interval.""]",discrete-points,research/extractions/4PH1-2024-June-1-standard.json#4PH1-2024-June-1-standard.Q10.c.iii,"[""Error carried forward can apply to c.ii plotting or c.i measurement errors.""]","[""Do not silently replace the source's stated minimum-distance wording with a maximum tolerance.""]","[{""description"": ""Joining data points with straight segments instead of a smooth best-fit curve."", ""origin"": ""agent-inferred""}]",[],source-checked,agent-reviewed,agent-reviewed,Codex Astra,agent,false,Official scheme's minimum-distance note is unresolved; no automated curve-tolerance rule may be activated.; Graph drawing input and calibration remain unimplemented.,physics-detailed-2026-09-11,2026-09-11
4PH1-2024-June-1-standard.Q10.c.iv,4PH1-2024-June-1-standard,10.c.iv,,leaf,,,"[24, 25]","[{""documentId"": ""4PH1-2024-June-1-standard-qp"", ""pdfPages"": [24, 25]}]",[14],Evaluate,2,[],Direct proportionality tests,Evaluate the claim that h is directly proportional to L using the results or graph.,"[""table"", ""graph-grid""]","[""Explain direct proportionality requires a straight line through the origin or constant h/L."", ""Reject the student's conclusion using the non-linear results.""]",discrete-points,research/extractions/4PH1-2024-June-1-standard.json#4PH1-2024-June-1-standard.Q10.c.iv,"[""Allow the ratio h/L argument.""]","[""Dependent-on-previous (DOP): conclusion credit depends on the preceding explanatory criterion."", ""Score zero if the response indicates the relationship is proportional or directly proportional.""]","[{""description"": ""Claiming direct proportionality merely because both quantities increase."", ""origin"": ""agent-inferred""}]",[],source-checked,agent-reviewed,agent-reviewed,Codex Astra,agent,false,,physics-detailed-2026-09-11,2026-09-11
4PH1-2024-June-1-standard.Q11.a,4PH1-2024-June-1-standard,11.a,,leaf,,,[26],"[{""documentId"": ""4PH1-2024-June-1-standard-qp"", ""pdfPages"": [26]}]",[15],Calculate,2,[],Q=It; Ampere-hour to coulomb conversion,Convert the explicitly defined 1 Ah charge into coulombs.,"[""photo"", ""definition""]","[""Convert one hour to 3600 seconds."", ""Evaluate Q=1\u00d73600=3600 C.""]",discrete-points,research/extractions/4PH1-2024-June-1-standard.json#4PH1-2024-June-1-standard.Q11.a,[],[],"[{""description"": ""Multiplying 1 A by 1 hour and reporting 1 coulomb."", ""origin"": ""agent-inferred""}]",[],source-checked,agent-reviewed,agent-reviewed,Codex Astra,agent,false,,physics-detailed-2026-09-11,2026-09-11
4PH1-2024-June-1-standard.Q11.b.i,4PH1-2024-June-1-standard,11.b.i,,leaf,,,[27],"[{""documentId"": ""4PH1-2024-June-1-standard-qp"", ""pdfPages"": [27]}]",[15],Calculate,3,[],Rearrange Q=It; Convert seconds to minutes,Find charging time for 3800 C transferred at a constant 2.4 A; answer in minutes.,"[""scenario""]","[""Substitute or rearrange t=Q/I."", ""Evaluate seconds, then divide by 60.""]",discrete-points,research/extractions/4PH1-2024-June-1-standard.json#4PH1-2024-June-1-standard.Q11.b.i,"[""Scheme permits 1600, 1580 or 1583\u2026 seconds and 26\u201327 minutes.""]","[""Mark steps independently and apply error carried forward.""]","[{""description"": ""Leaving the result in seconds although minutes are requested."", ""origin"": ""scheme-reject-or-ignore""}]",[],source-checked,agent-reviewed,agent-reviewed,Codex Astra,agent,false,,physics-detailed-2026-09-11,2026-09-11
4PH1-2024-June-1-standard.Q11.b.ii,4PH1-2024-June-1-standard,11.b.ii,,leaf,,,[27],"[{""documentId"": ""4PH1-2024-June-1-standard-qp"", ""pdfPages"": [27]}]",[15],Suggest,2,[],Resistance affects current; Charging time for a fixed charge,Predict the effect of a longer connecting cable compared with a short cable in the source's simple resistance model.,"[""scenario""]","[""Longer comparable cable has greater resistance."", ""Current decreases and time to transfer the required charge increases.""]",discrete-points,research/extractions/4PH1-2024-June-1-standard.json#4PH1-2024-June-1-standard.Q11.b.ii,[],"[""Ignore longer distance alone."", ""This is a comparison scenario; do not carry the earlier fixed 2.4 A condition into a claim that cable current is simultaneously unchanged and reduced.""]","[{""description"": ""Only saying electrons have further to travel."", ""origin"": ""scheme-reject-or-ignore""}]",[],source-checked,agent-reviewed,agent-reviewed,Codex Astra,agent,false,Cable-model assumptions and two-idea marking criterion need calibration before activation.,physics-detailed-2026-09-11,2026-09-11
4PH1-2024-June-1-standard.Q11.c,4PH1-2024-June-1-standard,11.c,,leaf,,,[28],"[{""documentId"": ""4PH1-2024-June-1-standard-qp"", ""pdfPages"": [28]}]",[15],Determine,4,[],Charge budgeting; Frequency-weighted totals; Evaluate assumptions,"Compare a 26.8 Ah bank with three devices requiring 2.4 Ah daily, 4.2 Ah once, and 6.8 Ah once over one week.","[""table"", ""scenario""]","[""Calculate seven daily charges plus the two weekly charges: 27.8 Ah."", ""Compare with 26.8 Ah: short by 1.0 Ah for complete-flat recharging."", ""State insufficiency under that model; source also credits three practical qualifications.""]",discrete-points,research/extractions/4PH1-2024-June-1-standard.json#4PH1-2024-June-1-standard.Q11.c,"[""27.8 Ah or 100080 C accepted for total charge."", ""Allow 27.8>26.8 or a 1 Ah shortfall."", ""Allow partially charged devices, reduced use, or recharging the bank during the trip.""]","[""Source explicitly allows error carried forward from the total into the insufficiency conclusion.""]","[{""description"": ""Counting only one recharge of daily-use device A."", ""origin"": ""agent-inferred""}, {""description"": ""Treating practical caveats as proof that full empty-device recharge is possible with the given charge budget."", ""origin"": ""agent-inferred""}]",[],source-checked,agent-reviewed,agent-reviewed,Codex Astra,agent,false,"Evaluation caveats, ECF and the ideal charge-budget assumptions need calibration before activation.",physics-detailed-2026-09-11,2026-09-11
