coverage_id,point_id,chapter_id,heading_id,explanation_status,example_ids_json,answer_template_ids_json,source_refs_json,draft_status,source_check_status,human_review_status,checked_by,checked_at,blockers_json,updated_at
4MB1:issue1:1A:operations-and-brackets,4MB1:issue1:1A,number-and-algebra,operations-and-brackets,partial,"[""operations-and-brackets:example""]",[],"[{""documentId"":""4MB1-spec"",""pdfPages"":[17],""provenanceKind"":""source-fact"",""observation"":""Specification scope reviewed; explanation and examples are original teaching content.""}]",drafted,agent-source-checked,not-reviewed,Codex Astra,2026-09-21,"[""Substatement audit pending"",""Assessment-family and whole-chapter review incomplete""]",2026-09-21
4MB1:issue1:1B:primes-factors-multiples,4MB1:issue1:1B,number-and-algebra,primes-factors-multiples,partial,"[""primes-factors-multiples:example""]",[],"[{""documentId"":""4MB1-spec"",""pdfPages"":[17],""provenanceKind"":""source-fact"",""observation"":""Specification scope reviewed; explanation and examples are original teaching content.""}]",drafted,agent-source-checked,not-reviewed,Codex Astra,2026-09-21,"[""Substatement audit pending"",""Assessment-family and whole-chapter review incomplete""]",2026-09-21
4MB1:issue1:1C:index-laws,4MB1:issue1:1C,number-and-algebra,index-laws,partial,"[""index-laws:example""]",[],"[{""documentId"":""4MB1-spec"",""pdfPages"":[17],""provenanceKind"":""source-fact"",""observation"":""Specification scope reviewed; explanation and examples are original teaching content.""}]",drafted,agent-source-checked,not-reviewed,Codex Astra,2026-09-21,"[""Substatement audit pending"",""Assessment-family and whole-chapter review incomplete""]",2026-09-21
4MB1:issue1:1D:surds-and-exact-values,4MB1:issue1:1D,number-and-algebra,surds-and-exact-values,partial,"[""surds-and-exact-values:example""]",[],"[{""documentId"":""4MB1-spec"",""pdfPages"":[17],""provenanceKind"":""source-fact"",""observation"":""Specification scope reviewed; explanation and examples are original teaching content.""}]",drafted,agent-source-checked,not-reviewed,Codex Astra,2026-09-21,"[""Substatement audit pending"",""Assessment-family and whole-chapter review incomplete""]",2026-09-21
4MB1:issue1:1E:rationalising-denominators,4MB1:issue1:1E,number-and-algebra,rationalising-denominators,partial,"[""rationalising-denominators:example""]",[],"[{""documentId"":""4MB1-spec"",""pdfPages"":[17],""provenanceKind"":""source-fact"",""observation"":""Specification scope reviewed; explanation and examples are original teaching content.""}]",drafted,agent-source-checked,not-reviewed,Codex Astra,2026-09-21,"[""Substatement audit pending"",""Assessment-family and whole-chapter review incomplete""]",2026-09-21
4MB1:issue1:1F:number-sets,4MB1:issue1:1F,number-and-algebra,number-sets,partial,"[""number-sets:example""]",[],"[{""documentId"":""4MB1-spec"",""pdfPages"":[17],""provenanceKind"":""source-fact"",""observation"":""Specification scope reviewed; explanation and examples are original teaching content.""}]",drafted,agent-source-checked,not-reviewed,Codex Astra,2026-09-21,"[""Substatement audit pending"",""Assessment-family and whole-chapter review incomplete""]",2026-09-21
4MB1:issue1:1G:metric-measures,4MB1:issue1:1G,number-and-algebra,metric-measures,partial,"[""metric-measures:example""]",[],"[{""documentId"":""4MB1-spec"",""pdfPages"":[17],""provenanceKind"":""source-fact"",""observation"":""Specification scope reviewed; explanation and examples are original teaching content.""}]",drafted,agent-source-checked,not-reviewed,Codex Astra,2026-09-21,"[""Substatement audit pending"",""Assessment-family and whole-chapter review incomplete""]",2026-09-21
4MB1:issue1:1G:time-speed-and-money,4MB1:issue1:1G,number-and-algebra,time-speed-and-money,partial,"[""time-speed-and-money:example""]",[],"[{""documentId"":""4MB1-spec"",""pdfPages"":[17],""provenanceKind"":""source-fact"",""observation"":""Specification scope reviewed; explanation and examples are original teaching content.""}]",drafted,agent-source-checked,not-reviewed,Codex Astra,2026-09-21,"[""Substatement audit pending"",""Assessment-family and whole-chapter review incomplete""]",2026-09-21
4MB1:issue1:1H:fractions-and-decimals,4MB1:issue1:1H,number-and-algebra,fractions-and-decimals,partial,"[""fractions-and-decimals:example""]",[],"[{""documentId"":""4MB1-spec"",""pdfPages"":[18],""provenanceKind"":""source-fact"",""observation"":""Specification scope reviewed; explanation and examples are original teaching content.""}]",drafted,agent-source-checked,not-reviewed,Codex Astra,2026-09-21,"[""Substatement audit pending"",""Assessment-family and whole-chapter review incomplete""]",2026-09-21
4MB1:issue1:1H:ratio-and-proportion,4MB1:issue1:1H,number-and-algebra,ratio-and-proportion,partial,"[""ratio-and-proportion:example""]",[],"[{""documentId"":""4MB1-spec"",""pdfPages"":[18],""provenanceKind"":""source-fact"",""observation"":""Specification scope reviewed; explanation and examples are original teaching content.""}]",drafted,agent-source-checked,not-reviewed,Codex Astra,2026-09-21,"[""Substatement audit pending"",""Assessment-family and whole-chapter review incomplete""]",2026-09-21
4MB1:issue1:1H:percentage-changes,4MB1:issue1:1H,number-and-algebra,percentage-changes,partial,"[""percentage-changes:example""]",[],"[{""documentId"":""4MB1-spec"",""pdfPages"":[18],""provenanceKind"":""source-fact"",""observation"":""Specification scope reviewed; explanation and examples are original teaching content.""}]",drafted,agent-source-checked,not-reviewed,Codex Astra,2026-09-21,"[""Substatement audit pending"",""Assessment-family and whole-chapter review incomplete""]",2026-09-21
4MB1:issue1:1I:rounding-and-accuracy,4MB1:issue1:1I,number-and-algebra,rounding-and-accuracy,partial,"[""rounding-and-accuracy:example""]",[],"[{""documentId"":""4MB1-spec"",""pdfPages"":[18],""provenanceKind"":""source-fact"",""observation"":""Specification scope reviewed; explanation and examples are original teaching content.""}]",drafted,agent-source-checked,not-reviewed,Codex Astra,2026-09-21,"[""Substatement audit pending"",""Assessment-family and whole-chapter review incomplete""]",2026-09-21
4MB1:issue1:1J:upper-and-lower-bounds,4MB1:issue1:1J,number-and-algebra,upper-and-lower-bounds,partial,"[""upper-and-lower-bounds:example""]",[],"[{""documentId"":""4MB1-spec"",""pdfPages"":[18],""provenanceKind"":""source-fact"",""observation"":""Specification scope reviewed; explanation and examples are original teaching content.""}]",drafted,agent-source-checked,not-reviewed,Codex Astra,2026-09-21,"[""Substatement audit pending"",""Assessment-family and whole-chapter review incomplete""]",2026-09-21
4MB1:issue1:1K:standard-form,4MB1:issue1:1K,number-and-algebra,standard-form,partial,"[""standard-form:example""]",[],"[{""documentId"":""4MB1-spec"",""pdfPages"":[18],""provenanceKind"":""source-fact"",""observation"":""Specification scope reviewed; explanation and examples are original teaching content.""}]",drafted,agent-source-checked,not-reviewed,Codex Astra,2026-09-21,"[""Substatement audit pending"",""Assessment-family and whole-chapter review incomplete""]",2026-09-21
4MB1:issue1:2A:defining-sets,4MB1:issue1:2A,number-and-algebra,defining-sets,partial,"[""defining-sets:example""]",[],"[{""documentId"":""4MB1-spec"",""pdfPages"":[19],""provenanceKind"":""source-fact"",""observation"":""Specification scope reviewed; explanation and examples are original teaching content.""}]",drafted,agent-source-checked,not-reviewed,Codex,2026-09-29,"[""Substatement audit pending"",""Assessment-family and whole-chapter review incomplete""]",2026-09-29
4MB1:issue1:2A:algebraically-defined-sets,4MB1:issue1:2A,number-and-algebra,algebraically-defined-sets,partial,"[""algebraically-defined-sets:example""]",[],"[{""documentId"":""4MB1-spec"",""pdfPages"":[19],""provenanceKind"":""source-fact"",""observation"":""Specification scope reviewed; explanation and examples are original teaching content.""}]",drafted,agent-source-checked,not-reviewed,Codex,2026-09-29,"[""Substatement audit pending"",""Assessment-family and whole-chapter review incomplete""]",2026-09-29
4MB1:issue1:2B:defining-sets,4MB1:issue1:2B,number-and-algebra,defining-sets,partial,"[""defining-sets:example""]",[],"[{""documentId"":""4MB1-spec"",""pdfPages"":[19],""provenanceKind"":""source-fact"",""observation"":""Specification scope reviewed; explanation and examples are original teaching content.""}]",drafted,agent-source-checked,not-reviewed,Codex,2026-09-29,"[""Substatement audit pending"",""Assessment-family and whole-chapter review incomplete""]",2026-09-29
4MB1:issue1:2B:union-and-intersection,4MB1:issue1:2B,number-and-algebra,union-and-intersection,partial,"[""union-and-intersection:example""]",[],"[{""documentId"":""4MB1-spec"",""pdfPages"":[19],""provenanceKind"":""source-fact"",""observation"":""Specification scope reviewed; explanation and examples are original teaching content.""}]",drafted,agent-source-checked,not-reviewed,Codex,2026-09-29,"[""Substatement audit pending"",""Assessment-family and whole-chapter review incomplete""]",2026-09-29
4MB1:issue1:2C:union-and-intersection,4MB1:issue1:2C,number-and-algebra,union-and-intersection,partial,"[""union-and-intersection:example""]",[],"[{""documentId"":""4MB1-spec"",""pdfPages"":[19],""provenanceKind"":""source-fact"",""observation"":""Specification scope reviewed; explanation and examples are original teaching content.""}]",drafted,agent-source-checked,not-reviewed,Codex,2026-09-29,"[""Substatement audit pending"",""Assessment-family and whole-chapter review incomplete""]",2026-09-29
4MB1:issue1:2C:complements-and-regions,4MB1:issue1:2C,number-and-algebra,complements-and-regions,partial,"[""complements-and-regions:example""]",[],"[{""documentId"":""4MB1-spec"",""pdfPages"":[19],""provenanceKind"":""source-fact"",""observation"":""Specification scope reviewed; explanation and examples are original teaching content.""}]",drafted,agent-source-checked,not-reviewed,Codex,2026-09-29,"[""Substatement audit pending"",""Assessment-family and whole-chapter review incomplete""]",2026-09-29
4MB1:issue1:2C:algebraically-defined-sets,4MB1:issue1:2C,number-and-algebra,algebraically-defined-sets,partial,"[""algebraically-defined-sets:example""]",[],"[{""documentId"":""4MB1-spec"",""pdfPages"":[19],""provenanceKind"":""source-fact"",""observation"":""Specification scope reviewed; explanation and examples are original teaching content.""}]",drafted,agent-source-checked,not-reviewed,Codex,2026-09-29,"[""Substatement audit pending"",""Assessment-family and whole-chapter review incomplete""]",2026-09-29
4MB1:issue1:2D:counting-venn-regions,4MB1:issue1:2D,number-and-algebra,counting-venn-regions,partial,"[""counting-venn-regions:example""]",[],"[{""documentId"":""4MB1-spec"",""pdfPages"":[19],""provenanceKind"":""source-fact"",""observation"":""Specification scope reviewed; explanation and examples are original teaching content.""}]",drafted,agent-source-checked,not-reviewed,Codex,2026-09-29,"[""Substatement audit pending"",""Assessment-family and whole-chapter review incomplete""]",2026-09-29
4MB1:issue1:2E:complements-and-regions,4MB1:issue1:2E,number-and-algebra,complements-and-regions,partial,"[""complements-and-regions:example""]",[],"[{""documentId"":""4MB1-spec"",""pdfPages"":[19],""provenanceKind"":""source-fact"",""observation"":""Specification scope reviewed; explanation and examples are original teaching content.""}]",drafted,agent-source-checked,not-reviewed,Codex,2026-09-29,"[""Substatement audit pending"",""Assessment-family and whole-chapter review incomplete""]",2026-09-29
4MB1:issue1:2F:universal-empty-subsets,4MB1:issue1:2F,number-and-algebra,universal-empty-subsets,partial,"[""universal-empty-subsets:example""]",[],"[{""documentId"":""4MB1-spec"",""pdfPages"":[19],""provenanceKind"":""source-fact"",""observation"":""Specification scope reviewed; explanation and examples are original teaching content.""}]",drafted,agent-source-checked,not-reviewed,Codex,2026-09-29,"[""Substatement audit pending"",""Assessment-family and whole-chapter review incomplete""]",2026-09-29
4MB1:issue1:2F:venn-logical-problems,4MB1:issue1:2F,number-and-algebra,venn-logical-problems,partial,"[""venn-logical-problems:example""]",[],"[{""documentId"":""4MB1-spec"",""pdfPages"":[19],""provenanceKind"":""source-fact"",""observation"":""Specification scope reviewed; explanation and examples are original teaching content.""}]",drafted,agent-source-checked,not-reviewed,Codex,2026-09-29,"[""Substatement audit pending"",""Assessment-family and whole-chapter review incomplete""]",2026-09-29
4MB1:issue1:2G:universal-empty-subsets,4MB1:issue1:2G,number-and-algebra,universal-empty-subsets,partial,"[""universal-empty-subsets:example""]",[],"[{""documentId"":""4MB1-spec"",""pdfPages"":[19],""provenanceKind"":""source-fact"",""observation"":""Specification scope reviewed; explanation and examples are original teaching content.""}]",drafted,agent-source-checked,not-reviewed,Codex,2026-09-29,"[""Substatement audit pending"",""Assessment-family and whole-chapter review incomplete""]",2026-09-29
4MB1:issue1:2G:complements-and-regions,4MB1:issue1:2G,number-and-algebra,complements-and-regions,partial,"[""complements-and-regions:example""]",[],"[{""documentId"":""4MB1-spec"",""pdfPages"":[19],""provenanceKind"":""source-fact"",""observation"":""Specification scope reviewed; explanation and examples are original teaching content.""}]",drafted,agent-source-checked,not-reviewed,Codex,2026-09-29,"[""Substatement audit pending"",""Assessment-family and whole-chapter review incomplete""]",2026-09-29
4MB1:issue1:2H:counting-venn-regions,4MB1:issue1:2H,number-and-algebra,counting-venn-regions,partial,"[""counting-venn-regions:example""]",[],"[{""documentId"":""4MB1-spec"",""pdfPages"":[19],""provenanceKind"":""source-fact"",""observation"":""Specification scope reviewed; explanation and examples are original teaching content.""}]",drafted,agent-source-checked,not-reviewed,Codex,2026-09-29,"[""Substatement audit pending"",""Assessment-family and whole-chapter review incomplete""]",2026-09-29
4MB1:issue1:2H:venn-logical-problems,4MB1:issue1:2H,number-and-algebra,venn-logical-problems,partial,"[""venn-logical-problems:example""]",[],"[{""documentId"":""4MB1-spec"",""pdfPages"":[19],""provenanceKind"":""source-fact"",""observation"":""Specification scope reviewed; explanation and examples are original teaching content.""}]",drafted,agent-source-checked,not-reviewed,Codex,2026-09-29,"[""Substatement audit pending"",""Assessment-family and whole-chapter review incomplete""]",2026-09-29
4MB1:issue1:2I:defining-sets,4MB1:issue1:2I,number-and-algebra,defining-sets,partial,"[""defining-sets:example""]",[],"[{""documentId"":""4MB1-spec"",""pdfPages"":[19],""provenanceKind"":""source-fact"",""observation"":""Specification scope reviewed; explanation and examples are original teaching content.""}]",drafted,agent-source-checked,not-reviewed,Codex,2026-09-29,"[""Substatement audit pending"",""Assessment-family and whole-chapter review incomplete""]",2026-09-29
4MB1:issue1:2I:universal-empty-subsets,4MB1:issue1:2I,number-and-algebra,universal-empty-subsets,partial,"[""universal-empty-subsets:example""]",[],"[{""documentId"":""4MB1-spec"",""pdfPages"":[19],""provenanceKind"":""source-fact"",""observation"":""Specification scope reviewed; explanation and examples are original teaching content.""}]",drafted,agent-source-checked,not-reviewed,Codex,2026-09-29,"[""Substatement audit pending"",""Assessment-family and whole-chapter review incomplete""]",2026-09-29
4MB1:issue1:2I:union-and-intersection,4MB1:issue1:2I,number-and-algebra,union-and-intersection,partial,"[""union-and-intersection:example""]",[],"[{""documentId"":""4MB1-spec"",""pdfPages"":[19],""provenanceKind"":""source-fact"",""observation"":""Specification scope reviewed; explanation and examples are original teaching content.""}]",drafted,agent-source-checked,not-reviewed,Codex,2026-09-29,"[""Substatement audit pending"",""Assessment-family and whole-chapter review incomplete""]",2026-09-29
4MB1:issue1:3A:collecting-algebraic-terms,4MB1:issue1:3A,number-and-algebra,collecting-algebraic-terms,partial,"[""collecting-algebraic-terms:example""]",[],"[{""documentId"":""4MB1-spec"",""pdfPages"":[20],""provenanceKind"":""source-fact"",""observation"":""Specification scope reviewed; explanation and examples are original teaching content.""}]",drafted,agent-source-checked,not-reviewed,Codex,2026-09-29,"[""Substatement audit pending"",""Assessment-family and whole-chapter review incomplete""]",2026-09-29
4MB1:issue1:3A:algebraic-index-laws,4MB1:issue1:3A,number-and-algebra,algebraic-index-laws,partial,"[""algebraic-index-laws:example""]",[],"[{""documentId"":""4MB1-spec"",""pdfPages"":[20],""provenanceKind"":""source-fact"",""observation"":""Specification scope reviewed; explanation and examples are original teaching content.""}]",drafted,agent-source-checked,not-reviewed,Codex,2026-09-29,"[""Substatement audit pending"",""Assessment-family and whole-chapter review incomplete""]",2026-09-29
4MB1:issue1:3B:constructing-and-using-formulae,4MB1:issue1:3B,number-and-algebra,constructing-and-using-formulae,partial,"[""constructing-and-using-formulae:example""]",[],"[{""documentId"":""4MB1-spec"",""pdfPages"":[20],""provenanceKind"":""source-fact"",""observation"":""Specification scope reviewed; explanation and examples are original teaching content.""}]",drafted,agent-source-checked,not-reviewed,Codex,2026-09-29,"[""Substatement audit pending"",""Assessment-family and whole-chapter review incomplete""]",2026-09-29
4MB1:issue1:3B:changing-the-subject,4MB1:issue1:3B,number-and-algebra,changing-the-subject,partial,"[""changing-the-subject:example""]",[],"[{""documentId"":""4MB1-spec"",""pdfPages"":[20],""provenanceKind"":""source-fact"",""observation"":""Specification scope reviewed; explanation and examples are original teaching content.""}]",drafted,agent-source-checked,not-reviewed,Codex,2026-09-29,"[""Substatement audit pending"",""Assessment-family and whole-chapter review incomplete""]",2026-09-29
4MB1:issue1:3C:factorising-common-factors,4MB1:issue1:3C,number-and-algebra,factorising-common-factors,partial,"[""factorising-common-factors:example""]",[],"[{""documentId"":""4MB1-spec"",""pdfPages"":[20],""provenanceKind"":""source-fact"",""observation"":""Specification scope reviewed; explanation and examples are original teaching content.""}]",drafted,agent-source-checked,not-reviewed,Codex,2026-09-29,"[""Substatement audit pending"",""Assessment-family and whole-chapter review incomplete""]",2026-09-29
4MB1:issue1:3C:factorising-quadratics,4MB1:issue1:3C,number-and-algebra,factorising-quadratics,partial,"[""factorising-quadratics:example""]",[],"[{""documentId"":""4MB1-spec"",""pdfPages"":[20],""provenanceKind"":""source-fact"",""observation"":""Specification scope reviewed; explanation and examples are original teaching content.""}]",drafted,agent-source-checked,not-reviewed,Codex,2026-09-29,"[""Substatement audit pending"",""Assessment-family and whole-chapter review incomplete""]",2026-09-29
4MB1:issue1:3D:factor-theorem,4MB1:issue1:3D,number-and-algebra,factor-theorem,partial,"[""factor-theorem:example""]",[],"[{""documentId"":""4MB1-spec"",""pdfPages"":[20],""provenanceKind"":""source-fact"",""observation"":""Specification scope reviewed; explanation and examples are original teaching content.""}]",drafted,agent-source-checked,not-reviewed,Codex,2026-09-30,"[""Substatement audit pending"",""Assessment-family and whole-chapter review incomplete""]",2026-09-30
4MB1:issue1:3D:factor-theorem-unknown-coefficient,4MB1:issue1:3D,number-and-algebra,factor-theorem-unknown-coefficient,partial,"[""factor-theorem-unknown-coefficient:example""]",[],"[{""documentId"":""4MB1-spec"",""pdfPages"":[20],""provenanceKind"":""source-fact"",""observation"":""Specification scope reviewed; explanation and examples are original teaching content.""}]",drafted,agent-source-checked,not-reviewed,Codex,2026-09-30,"[""Substatement audit pending"",""Assessment-family and whole-chapter review incomplete""]",2026-09-30
4MB1:issue1:3E:dividing-cubics,4MB1:issue1:3E,number-and-algebra,dividing-cubics,partial,"[""dividing-cubics:example""]",[],"[{""documentId"":""4MB1-spec"",""pdfPages"":[20],""provenanceKind"":""source-fact"",""observation"":""Specification scope reviewed; explanation and examples are original teaching content.""}]",drafted,agent-source-checked,not-reviewed,Codex,2026-09-30,"[""Substatement audit pending"",""Assessment-family and whole-chapter review incomplete""]",2026-09-30
4MB1:issue1:3F:simplifying-algebraic-fractions,4MB1:issue1:3F,number-and-algebra,simplifying-algebraic-fractions,partial,"[""simplifying-algebraic-fractions:example""]",[],"[{""documentId"":""4MB1-spec"",""pdfPages"":[20],""provenanceKind"":""source-fact"",""observation"":""Specification scope reviewed; explanation and examples are original teaching content.""}]",drafted,agent-source-checked,not-reviewed,Codex,2026-09-30,"[""Substatement audit pending"",""Assessment-family and whole-chapter review incomplete""]",2026-09-30
4MB1:issue1:3F:adding-algebraic-fractions,4MB1:issue1:3F,number-and-algebra,adding-algebraic-fractions,partial,"[""adding-algebraic-fractions:example""]",[],"[{""documentId"":""4MB1-spec"",""pdfPages"":[20],""provenanceKind"":""source-fact"",""observation"":""Specification scope reviewed; explanation and examples are original teaching content.""}]",drafted,agent-source-checked,not-reviewed,Codex,2026-09-30,"[""Substatement audit pending"",""Assessment-family and whole-chapter review incomplete""]",2026-09-30
4MB1:issue1:3F:multiplying-dividing-algebraic-fractions,4MB1:issue1:3F,number-and-algebra,multiplying-dividing-algebraic-fractions,partial,"[""multiplying-dividing-algebraic-fractions:example""]",[],"[{""documentId"":""4MB1-spec"",""pdfPages"":[20],""provenanceKind"":""source-fact"",""observation"":""Specification scope reviewed; explanation and examples are original teaching content.""}]",drafted,agent-source-checked,not-reviewed,Codex,2026-09-30,"[""Substatement audit pending"",""Assessment-family and whole-chapter review incomplete""]",2026-09-30
4MB1:issue1:3G:solving-linear-equations,4MB1:issue1:3G,number-and-algebra,solving-linear-equations,partial,"[""solving-linear-equations:example""]",[],"[{""documentId"":""4MB1-spec"",""pdfPages"":[20],""provenanceKind"":""source-fact"",""observation"":""Specification scope reviewed; explanation and examples are original teaching content.""}]",drafted,agent-source-checked,not-reviewed,Codex,2026-10-01,"[""Substatement audit pending"",""Assessment-family and whole-chapter review incomplete""]",2026-10-01
4MB1:issue1:3G:quadratic-equations-by-factorisation,4MB1:issue1:3G,number-and-algebra,quadratic-equations-by-factorisation,partial,"[""quadratic-equations-by-factorisation:example""]",[],"[{""documentId"":""4MB1-spec"",""pdfPages"":[20],""provenanceKind"":""source-fact"",""observation"":""Specification scope reviewed; explanation and examples are original teaching content.""}]",drafted,agent-source-checked,not-reviewed,Codex,2026-10-01,"[""Substatement audit pending"",""Assessment-family and whole-chapter review incomplete""]",2026-10-01
4MB1:issue1:3G:completing-the-square,4MB1:issue1:3G,number-and-algebra,completing-the-square,partial,"[""completing-the-square:example""]",[],"[{""documentId"":""4MB1-spec"",""pdfPages"":[20],""provenanceKind"":""source-fact"",""observation"":""Specification scope reviewed; explanation and examples are original teaching content.""}]",drafted,agent-source-checked,not-reviewed,Codex,2026-10-01,"[""Substatement audit pending"",""Assessment-family and whole-chapter review incomplete""]",2026-10-01
4MB1:issue1:3G:quadratic-formula,4MB1:issue1:3G,number-and-algebra,quadratic-formula,partial,"[""quadratic-formula:example""]",[],"[{""documentId"":""4MB1-spec"",""pdfPages"":[20],""provenanceKind"":""source-fact"",""observation"":""Specification scope reviewed; explanation and examples are original teaching content.""}]",drafted,agent-source-checked,not-reviewed,Codex,2026-10-01,"[""Substatement audit pending"",""Assessment-family and whole-chapter review incomplete""]",2026-10-01
4MB1:issue1:3G:solving-quadratics-from-graphs,4MB1:issue1:3G,number-and-algebra,solving-quadratics-from-graphs,partial,"[""solving-quadratics-from-graphs:example""]",[],"[{""documentId"":""4MB1-spec"",""pdfPages"":[20],""provenanceKind"":""source-fact"",""observation"":""Specification scope reviewed; explanation and examples are original teaching content.""}]",drafted,agent-source-checked,not-reviewed,Codex,2026-10-01,"[""Substatement audit pending"",""Assessment-family and whole-chapter review incomplete""]",2026-10-01
4MB1:issue1:3G:solving-cubic-equations,4MB1:issue1:3G,number-and-algebra,solving-cubic-equations,partial,"[""solving-cubic-equations:example""]",[],"[{""documentId"":""4MB1-spec"",""pdfPages"":[20],""provenanceKind"":""source-fact"",""observation"":""Specification scope reviewed; explanation and examples are original teaching content.""}]",drafted,agent-source-checked,not-reviewed,Codex,2026-10-01,"[""Substatement audit pending"",""Assessment-family and whole-chapter review incomplete""]",2026-10-01
4MB1:issue1:3H:simultaneous-linear-equations,4MB1:issue1:3H,number-and-algebra,simultaneous-linear-equations,partial,"[""simultaneous-linear-equations:example""]",[],"[{""documentId"":""4MB1-spec"",""pdfPages"":[20],""provenanceKind"":""source-fact"",""observation"":""Specification scope reviewed; explanation and examples are original teaching content.""}]",drafted,agent-source-checked,not-reviewed,Codex,2026-10-01,"[""Substatement audit pending"",""Assessment-family and whole-chapter review incomplete""]",2026-10-01
4MB1:issue1:3H:simultaneous-equations-graphs,4MB1:issue1:3H,number-and-algebra,simultaneous-equations-graphs,partial,"[""simultaneous-equations-graphs:example""]",[],"[{""documentId"":""4MB1-spec"",""pdfPages"":[20],""provenanceKind"":""source-fact"",""observation"":""Specification scope reviewed; explanation and examples are original teaching content.""}]",drafted,agent-source-checked,not-reviewed,Codex,2026-10-01,"[""Substatement audit pending"",""Assessment-family and whole-chapter review incomplete""]",2026-10-01
4MB1:issue1:3I:linear-quadratic-simultaneous,4MB1:issue1:3I,number-and-algebra,linear-quadratic-simultaneous,partial,"[""linear-quadratic-simultaneous:example""]",[],"[{""documentId"":""4MB1-spec"",""pdfPages"":[20],""provenanceKind"":""source-fact"",""observation"":""Specification scope reviewed; explanation and examples are original teaching content.""}]",drafted,agent-source-checked,not-reviewed,Codex,2026-10-01,"[""Substatement audit pending"",""Assessment-family and whole-chapter review incomplete""]",2026-10-01
4MB1:issue1:3J:linear-inequalities-number-lines,4MB1:issue1:3J,number-and-algebra,linear-inequalities-number-lines,partial,"[""linear-inequalities-number-lines:example""]",[],"[{""documentId"":""4MB1-spec"",""pdfPages"":[20],""provenanceKind"":""source-fact"",""observation"":""Specification scope reviewed; explanation and examples are original teaching content.""}]",drafted,agent-source-checked,not-reviewed,Codex,2026-10-01,"[""Substatement audit pending"",""Assessment-family and whole-chapter review incomplete""]",2026-10-01
4MB1:issue1:3J:inequality-regions,4MB1:issue1:3J,number-and-algebra,inequality-regions,partial,"[""inequality-regions:example""]",[],"[{""documentId"":""4MB1-spec"",""pdfPages"":[20],""provenanceKind"":""source-fact"",""observation"":""Specification scope reviewed; explanation and examples are original teaching content.""}]",drafted,agent-source-checked,not-reviewed,Codex,2026-10-01,"[""Substatement audit pending"",""Assessment-family and whole-chapter review incomplete""]",2026-10-01
4MB1:issue1:3K:quadratic-inequalities,4MB1:issue1:3K,number-and-algebra,quadratic-inequalities,partial,"[""quadratic-inequalities:example""]",[],"[{""documentId"":""4MB1-spec"",""pdfPages"":[20],""provenanceKind"":""source-fact"",""observation"":""Specification scope reviewed; explanation and examples are original teaching content.""}]",drafted,agent-source-checked,not-reviewed,Codex,2026-10-01,"[""Substatement audit pending"",""Assessment-family and whole-chapter review incomplete""]",2026-10-01
4MB1:issue1:3K:quadratic-inequality-edge-cases,4MB1:issue1:3K,number-and-algebra,quadratic-inequality-edge-cases,partial,"[""quadratic-inequality-edge-cases:example""]",[],"[{""documentId"":""4MB1-spec"",""pdfPages"":[20],""provenanceKind"":""source-fact"",""observation"":""Specification scope reviewed; explanation and examples are original teaching content.""}]",drafted,agent-source-checked,not-reviewed,Codex,2026-10-01,"[""Substatement audit pending"",""Assessment-family and whole-chapter review incomplete""]",2026-10-01
4MB1:issue1:3L:arithmetic-sequences,4MB1:issue1:3L,number-and-algebra,arithmetic-sequences,partial,"[""arithmetic-sequences:example""]",[],"[{""documentId"":""4MB1-spec"",""pdfPages"":[20],""provenanceKind"":""source-fact"",""observation"":""Specification scope reviewed; explanation and examples are original teaching content.""}]",drafted,agent-source-checked,not-reviewed,Codex,2026-10-01,"[""Substatement audit pending"",""Assessment-family and whole-chapter review incomplete""]",2026-10-01
4MB1:issue1:3L:common-integer-sequences,4MB1:issue1:3L,number-and-algebra,common-integer-sequences,partial,"[""common-integer-sequences:example""]",[],"[{""documentId"":""4MB1-spec"",""pdfPages"":[20],""provenanceKind"":""source-fact"",""observation"":""Specification scope reviewed; explanation and examples are original teaching content.""}]",drafted,agent-source-checked,not-reviewed,Codex,2026-10-01,"[""Substatement audit pending"",""Assessment-family and whole-chapter review incomplete""]",2026-10-01
4MB1:issue1:10B:discrete-averages,4MB1:issue1:10B,statistics,discrete-averages,partial,"[""discrete-averages:example""]",[],"[{""documentId"":""4MB1-spec"",""pdfPages"":[28],""provenanceKind"":""source-fact"",""observation"":""Specification scope reviewed; explanation and examples are original teaching content.""}]",drafted,agent-source-checked,not-reviewed,Codex,2026-10-04,"[""Substatement audit pending"",""Assessment-family and whole-chapter review incomplete""]",2026-10-04
4MB1:issue1:4I:straight-line-equations,4MB1:issue1:4I,geometry,straight-line-equations,partial,"[""straight-line-equations:example""]",[],"[{""documentId"":""4MB1-spec"",""pdfPages"":[21],""provenanceKind"":""source-fact"",""observation"":""Specification scope reviewed; explanation and examples are original teaching content.""}]",drafted,agent-source-checked,not-reviewed,Codex,2026-10-02,"[""Substatement audit pending"",""Assessment-family and whole-chapter review incomplete""]",2026-10-02
4MB1:issue1:5B:adding-matrices,4MB1:issue1:5B,number-and-algebra,adding-matrices,partial,"[""adding-matrices:example""]",[],"[{""documentId"":""4MB1-spec"",""pdfPages"":[23],""provenanceKind"":""source-fact"",""observation"":""Specification scope reviewed; explanation and examples are original teaching content.""}]",drafted,agent-source-checked,not-reviewed,Codex,2026-10-02,"[""Substatement audit pending"",""Assessment-family and whole-chapter review incomplete""]",2026-10-02
4MB1:issue1:5B:multiplying-matrices,4MB1:issue1:5B,number-and-algebra,multiplying-matrices,partial,"[""multiplying-matrices:example""]",[],"[{""documentId"":""4MB1-spec"",""pdfPages"":[23],""provenanceKind"":""source-fact"",""observation"":""Specification scope reviewed; explanation and examples are original teaching content.""}]",drafted,agent-source-checked,not-reviewed,Codex,2026-10-02,"[""Substatement audit pending"",""Assessment-family and whole-chapter review incomplete""]",2026-10-02
4MB1:issue1:5C:scalar-matrix-multiplication,4MB1:issue1:5C,number-and-algebra,scalar-matrix-multiplication,partial,"[""scalar-matrix-multiplication:example""]",[],"[{""documentId"":""4MB1-spec"",""pdfPages"":[23],""provenanceKind"":""source-fact"",""observation"":""Specification scope reviewed; explanation and examples are original teaching content.""}]",drafted,agent-source-checked,not-reviewed,Codex,2026-10-02,"[""Substatement audit pending"",""Assessment-family and whole-chapter review incomplete""]",2026-10-02
4MB1:issue1:5C:scalar-matrix-equations,4MB1:issue1:5C,number-and-algebra,scalar-matrix-equations,partial,"[""scalar-matrix-equations:example""]",[],"[{""documentId"":""4MB1-spec"",""pdfPages"":[23],""provenanceKind"":""source-fact"",""observation"":""Specification scope reviewed; explanation and examples are original teaching content.""}]",drafted,agent-source-checked,not-reviewed,Codex,2026-10-02,"[""Substatement audit pending"",""Assessment-family and whole-chapter review incomplete""]",2026-10-02
4MB1:issue1:6F:pythagoras-and-perpendicular-width,4MB1:issue1:6F,geometry,pythagoras-and-perpendicular-width,partial,"[""pythagoras-and-perpendicular-width:example""]",[],"[{""documentId"":""4MB1-spec"",""pdfPages"":[24],""provenanceKind"":""source-fact"",""observation"":""Specification scope reviewed; explanation and examples are original teaching content.""}]",drafted,agent-source-checked,not-reviewed,Codex,2026-10-02,"[""Substatement audit pending"",""Assessment-family and whole-chapter review incomplete""]",2026-10-02
4MB1:issue1:7B:areas-and-compound-shapes,4MB1:issue1:7B,geometry,areas-and-compound-shapes,partial,"[""areas-and-compound-shapes:example""]",[],"[{""documentId"":""4MB1-spec"",""pdfPages"":[25],""provenanceKind"":""source-fact"",""observation"":""Specification scope reviewed; explanation and examples are original teaching content.""}]",drafted,agent-source-checked,not-reviewed,Codex,2026-10-02,"[""Substatement audit pending"",""Assessment-family and whole-chapter review incomplete""]",2026-10-02
4MB1:issue1:6J:proving-triangle-congruence,4MB1:issue1:6J,geometry,proving-triangle-congruence,partial,"[""proving-triangle-congruence:example""]",[],"[{""documentId"":""4MB1-spec"",""pdfPages"":[24],""provenanceKind"":""source-fact"",""observation"":""Specification scope reviewed; explanation and examples are original teaching content.""}]",drafted,agent-source-checked,not-reviewed,Codex,2026-10-02,"[""Substatement audit pending"",""Assessment-family and whole-chapter review incomplete""]",2026-10-02
4MB1:issue1:9A:trigonometric-ratios,4MB1:issue1:9A,geometry,trigonometric-ratios,partial,"[""trigonometric-ratios:example""]",[],"[{""documentId"":""4MB1-spec"",""pdfPages"":[27],""provenanceKind"":""source-fact"",""observation"":""Specification scope reviewed; explanation and examples are original teaching content.""}]",drafted,agent-source-checked,not-reviewed,Codex,2026-10-02,"[""Substatement audit pending"",""Assessment-family and whole-chapter review incomplete""]",2026-10-02
4MB1:issue1:9C:angles-of-elevation-and-depression,4MB1:issue1:9C,geometry,angles-of-elevation-and-depression,partial,"[""angles-of-elevation-and-depression:example""]",[],"[{""documentId"":""4MB1-spec"",""pdfPages"":[27],""provenanceKind"":""source-fact"",""observation"":""Specification scope reviewed; explanation and examples are original teaching content.""}]",drafted,agent-source-checked,not-reviewed,Codex,2026-10-02,"[""Substatement audit pending"",""Assessment-family and whole-chapter review incomplete""]",2026-10-02
4MB1:issue1:10C:estimated-grouped-mean,4MB1:issue1:10C,statistics,estimated-grouped-mean,partial,"[""estimated-grouped-mean:example""]",[],"[{""documentId"":""4MB1-spec"",""pdfPages"":[28],""provenanceKind"":""source-fact"",""observation"":""Specification scope reviewed; explanation and examples are original teaching content.""}]",drafted,agent-source-checked,not-reviewed,Codex,2026-10-04,"[""Substatement audit pending"",""Assessment-family and whole-chapter review incomplete""]",2026-10-04
4MB1:issue1:10D:grouped-modal-and-median-classes,4MB1:issue1:10D,statistics,grouped-modal-and-median-classes,partial,"[""grouped-modal-and-median-classes:example""]",[],"[{""documentId"":""4MB1-spec"",""pdfPages"":[28],""provenanceKind"":""source-fact"",""observation"":""Specification scope reviewed; explanation and examples are original teaching content.""}]",drafted,agent-source-checked,not-reviewed,Codex,2026-10-04,"[""Substatement audit pending"",""Assessment-family and whole-chapter review incomplete""]",2026-10-04
4MB1:issue1:10E:probability-and-sample-spaces,4MB1:issue1:10E,statistics,probability-and-sample-spaces,partial,"[""probability-and-sample-spaces:example""]",[],"[{""documentId"":""4MB1-spec"",""pdfPages"":[28],""provenanceKind"":""source-fact"",""observation"":""Specification scope reviewed; explanation and examples are original teaching content.""}]",drafted,agent-source-checked,not-reviewed,Codex,2026-10-04,"[""Substatement audit pending"",""Assessment-family and whole-chapter review incomplete""]",2026-10-04
4MB1:issue1:10E:relative-frequency-and-complements,4MB1:issue1:10E,statistics,relative-frequency-and-complements,partial,"[""relative-frequency-and-complements:example""]",[],"[{""documentId"":""4MB1-spec"",""pdfPages"":[28],""provenanceKind"":""source-fact"",""observation"":""Specification scope reviewed; explanation and examples are original teaching content.""}]",drafted,agent-source-checked,not-reviewed,Codex,2026-10-04,"[""Substatement audit pending"",""Assessment-family and whole-chapter review incomplete""]",2026-10-04
4MB1:issue1:10A:bar-charts,4MB1:issue1:10A,statistics,bar-charts,partial,"[""bar-charts:example""]",[],"[{""documentId"":""4MB1-spec"",""pdfPages"":[28],""provenanceKind"":""source-fact"",""observation"":""Specification scope reviewed; explanation and examples are original teaching content.""}]",drafted,agent-source-checked,not-reviewed,Codex,2026-10-04,"[""Substatement audit pending"",""Assessment-family and whole-chapter review incomplete""]",2026-10-04
4MB1:issue1:10A:pie-charts,4MB1:issue1:10A,statistics,pie-charts,partial,"[""pie-charts:example""]",[],"[{""documentId"":""4MB1-spec"",""pdfPages"":[28],""provenanceKind"":""source-fact"",""observation"":""Specification scope reviewed; explanation and examples are original teaching content.""}]",drafted,agent-source-checked,not-reviewed,Codex,2026-10-04,"[""Substatement audit pending"",""Assessment-family and whole-chapter review incomplete""]",2026-10-04
4MB1:issue1:10A:histograms-and-density,4MB1:issue1:10A,statistics,histograms-and-density,partial,"[""histograms-and-density:example""]",[],"[{""documentId"":""4MB1-spec"",""pdfPages"":[28],""provenanceKind"":""source-fact"",""observation"":""Specification scope reviewed; explanation and examples are original teaching content.""}]",drafted,agent-source-checked,not-reviewed,Codex,2026-10-04,"[""Substatement audit pending"",""Assessment-family and whole-chapter review incomplete""]",2026-10-04
4MB1:issue1:10F:mutually-exclusive-addition,4MB1:issue1:10F,statistics,mutually-exclusive-addition,partial,"[""mutually-exclusive-addition:example""]",[],"[{""documentId"":""4MB1-spec"",""pdfPages"":[28],""provenanceKind"":""source-fact"",""observation"":""Specification scope reviewed; explanation and examples are original teaching content.""}]",drafted,agent-source-checked,not-reviewed,Codex,2026-10-04,"[""Substatement audit pending"",""Assessment-family and whole-chapter review incomplete""]",2026-10-04
4MB1:issue1:10G:independent-product-rule,4MB1:issue1:10G,statistics,independent-product-rule,partial,"[""independent-product-rule:example""]",[],"[{""documentId"":""4MB1-spec"",""pdfPages"":[28],""provenanceKind"":""source-fact"",""observation"":""Specification scope reviewed; explanation and examples are original teaching content.""}]",drafted,agent-source-checked,not-reviewed,Codex,2026-10-04,"[""Substatement audit pending"",""Assessment-family and whole-chapter review incomplete""]",2026-10-04
4MB1:issue1:10H:probability-tree-diagrams,4MB1:issue1:10H,statistics,probability-tree-diagrams,partial,"[""probability-tree-diagrams:example""]",[],"[{""documentId"":""4MB1-spec"",""pdfPages"":[28],""provenanceKind"":""source-fact"",""observation"":""Specification scope reviewed; explanation and examples are original teaching content.""}]",drafted,agent-source-checked,not-reviewed,Codex,2026-10-04,"[""Substatement audit pending"",""Assessment-family and whole-chapter review incomplete""]",2026-10-04
4MB1:issue1:10I:without-replacement,4MB1:issue1:10I,statistics,without-replacement,partial,"[""without-replacement:example""]",[],"[{""documentId"":""4MB1-spec"",""pdfPages"":[28],""provenanceKind"":""source-fact"",""observation"":""Specification scope reviewed; explanation and examples are original teaching content.""}]",drafted,agent-source-checked,not-reviewed,Codex,2026-10-04,"[""Substatement audit pending"",""Assessment-family and whole-chapter review incomplete""]",2026-10-04
4MB1:issue1:10J:conditional-probability,4MB1:issue1:10J,statistics,conditional-probability,partial,"[""conditional-probability:example""]",[],"[{""documentId"":""4MB1-spec"",""pdfPages"":[28],""provenanceKind"":""source-fact"",""observation"":""Specification scope reviewed; explanation and examples are original teaching content.""}]",drafted,agent-source-checked,not-reviewed,Codex,2026-10-04,"[""Substatement audit pending"",""Assessment-family and whole-chapter review incomplete""]",2026-10-04
4MB1:issue1:10K:expected-frequency,4MB1:issue1:10K,statistics,expected-frequency,partial,"[""expected-frequency:example""]",[],"[{""documentId"":""4MB1-spec"",""pdfPages"":[28],""provenanceKind"":""source-fact"",""observation"":""Specification scope reviewed; explanation and examples are original teaching content.""}]",drafted,agent-source-checked,not-reviewed,Codex,2026-10-04,"[""Substatement audit pending"",""Assessment-family and whole-chapter review incomplete""]",2026-10-04
