document_id,qualification,document_type,canonical_url,title,publisher,specification_issue,year,series,component,variant,printed_exam_date,filename_date,publication_code,sha256,page_count,access_status,local_evidence_path,reviewed_pages_json,identity_status,identity_notes,batch_id,updated_at
4PH1-2024-June-1-standard-qp,4PH1,question-paper,https://qualifications.pearson.com/content/dam/pdf/International-GCSE/Physics/2017/Exam-materials/4ph1-1p-que-20240523.pdf,4PH1-2024-June-1-standard question-paper,Pearson,,2024,Summer,1P,standard,2024-05-22,2024-05-23,P75826A,3c1e2eea09258259ce0ae86d6adf24da26a1320e297317c60f64c272839b8454,36,obtained,research/extractions/4PH1-2024-June-1-standard.json,"[{""page"": 1, ""mode"": ""visual-and-text"", ""reviewer"": ""Codex Astra"", ""date"": ""2026-09-11""}, {""page"": 2, ""mode"": ""visual-and-text"", ""reviewer"": ""Codex Astra"", ""date"": ""2026-09-11""}, {""page"": 3, ""mode"": ""visual-and-text"", ""reviewer"": ""Codex Astra"", ""date"": ""2026-09-11""}, {""page"": 4, ""mode"": ""visual-and-text"", ""reviewer"": ""Codex Astra"", ""date"": ""2026-09-11""}, {""page"": 5, ""mode"": ""visual-and-text"", ""reviewer"": ""Codex Astra"", ""date"": ""2026-09-11""}, {""page"": 6, ""mode"": ""visual-and-text"", ""reviewer"": ""Codex Astra"", ""date"": ""2026-09-11""}, {""page"": 7, ""mode"": ""visual-and-text"", ""reviewer"": ""Codex Astra"", ""date"": ""2026-09-11""}, {""page"": 8, ""mode"": ""visual-and-text"", ""reviewer"": ""Codex Astra"", ""date"": ""2026-09-11""}, {""page"": 9, ""mode"": ""visual-and-text"", ""reviewer"": ""Codex Astra"", ""date"": ""2026-09-11""}, {""page"": 10, ""mode"": ""visual-and-text"", ""reviewer"": ""Codex Astra"", ""date"": ""2026-09-11""}, {""page"": 11, ""mode"": ""visual-and-text"", ""reviewer"": ""Codex Astra"", ""date"": ""2026-09-11""}, {""page"": 12, ""mode"": ""visual-and-text"", ""reviewer"": ""Codex Astra"", ""date"": ""2026-09-11""}, {""page"": 13, ""mode"": ""visual-and-text"", ""reviewer"": ""Codex Astra"", ""date"": ""2026-09-11""}, {""page"": 14, ""mode"": ""visual-and-text"", ""reviewer"": ""Codex Astra"", ""date"": ""2026-09-11""}, {""page"": 15, ""mode"": ""visual-and-text"", ""reviewer"": ""Codex Astra"", ""date"": ""2026-09-11""}, {""page"": 16, ""mode"": ""visual-and-text"", ""reviewer"": ""Codex Astra"", ""date"": ""2026-09-11""}, {""page"": 17, ""mode"": ""visual-and-text"", ""reviewer"": ""Codex Astra"", ""date"": ""2026-09-11""}, {""page"": 18, ""mode"": ""visual-and-text"", ""reviewer"": ""Codex Astra"", ""date"": ""2026-09-11""}, {""page"": 19, ""mode"": ""visual-and-text"", ""reviewer"": ""Codex Astra"", ""date"": ""2026-09-11""}, {""page"": 20, ""mode"": ""visual-and-text"", ""reviewer"": ""Codex Astra"", ""date"": ""2026-09-11""}, {""page"": 21, ""mode"": ""visual-and-text"", ""reviewer"": ""Codex Astra"", ""date"": ""2026-09-11""}, {""page"": 22, ""mode"": ""visual-and-text"", ""reviewer"": ""Codex Astra"", ""date"": ""2026-09-11""}, {""page"": 23, ""mode"": ""visual-and-text"", ""reviewer"": ""Codex Astra"", ""date"": ""2026-09-11""}, {""page"": 24, ""mode"": ""visual-and-text"", ""reviewer"": ""Codex Astra"", ""date"": ""2026-09-11""}, {""page"": 25, ""mode"": ""visual-and-text"", ""reviewer"": ""Codex Astra"", ""date"": ""2026-09-11""}, {""page"": 26, ""mode"": ""visual-and-text"", ""reviewer"": ""Codex Astra"", ""date"": ""2026-09-11""}, {""page"": 27, ""mode"": ""visual-and-text"", ""reviewer"": ""Codex Astra"", ""date"": ""2026-09-11""}, {""page"": 28, ""mode"": ""visual-and-text"", ""reviewer"": ""Codex Astra"", ""date"": ""2026-09-11""}, {""page"": 29, ""mode"": ""visual-and-text"", ""reviewer"": ""Codex Astra"", ""date"": ""2026-09-11""}, {""page"": 30, ""mode"": ""visual-and-text"", ""reviewer"": ""Codex Astra"", ""date"": ""2026-09-11""}, {""page"": 31, ""mode"": ""visual-and-text"", ""reviewer"": ""Codex Astra"", ""date"": ""2026-09-11""}, {""page"": 32, ""mode"": ""visual-and-text"", ""reviewer"": ""Codex Astra"", ""date"": ""2026-09-11""}, {""page"": 33, ""mode"": ""visual-and-text"", ""reviewer"": ""Codex Astra"", ""date"": ""2026-09-11""}, {""page"": 34, ""mode"": ""visual-and-text"", ""reviewer"": ""Codex Astra"", ""date"": ""2026-09-11""}, {""page"": 35, ""mode"": ""visual-and-text"", ""reviewer"": ""Codex Astra"", ""date"": ""2026-09-11""}, {""page"": 36, ""mode"": ""visual-and-text"", ""reviewer"": ""Codex Astra"", ""date"": ""2026-09-11""}]",agent-reviewed,Matched existing cover review; retained legacy paper ID. See explicit reviewed pages and separate detailed extraction status.,physics-detailed-2026-09-11,2026-09-11
4PH1-2024-June-1-standard-ms,4PH1,mark-scheme,https://qualifications.pearson.com/content/dam/pdf/International-GCSE/Physics/2017/Exam-materials/4ph1-1p-rms-20240822.pdf,4PH1-2024-June-1-standard mark-scheme,Pearson,,2024,Summer,1P,standard,,2024-08-22,4PH1_1P_2406_MS,9ca559f719b9603c62ebb2a293c5174c7082c1cf6b13aa412fc5d59fd09c181f,17,obtained,research/extractions/4PH1-2024-June-1-standard.json,"[{""page"": 1, ""mode"": ""visual-and-text"", ""reviewer"": ""Codex Astra"", ""date"": ""2026-09-11""}, {""page"": 2, ""mode"": ""visual-and-text"", ""reviewer"": ""Codex Astra"", ""date"": ""2026-09-11""}, {""page"": 3, ""mode"": ""visual-and-text"", ""reviewer"": ""Codex Astra"", ""date"": ""2026-09-11""}, {""page"": 4, ""mode"": ""visual-and-text"", ""reviewer"": ""Codex Astra"", ""date"": ""2026-09-11""}, {""page"": 5, ""mode"": ""visual-and-text"", ""reviewer"": ""Codex Astra"", ""date"": ""2026-09-11""}, {""page"": 6, ""mode"": ""visual-and-text"", ""reviewer"": ""Codex Astra"", ""date"": ""2026-09-11""}, {""page"": 7, ""mode"": ""visual-and-text"", ""reviewer"": ""Codex Astra"", ""date"": ""2026-09-11""}, {""page"": 8, ""mode"": ""visual-and-text"", ""reviewer"": ""Codex Astra"", ""date"": ""2026-09-11""}, {""page"": 9, ""mode"": ""visual-and-text"", ""reviewer"": ""Codex Astra"", ""date"": ""2026-09-11""}, {""page"": 10, ""mode"": ""visual-and-text"", ""reviewer"": ""Codex Astra"", ""date"": ""2026-09-11""}, {""page"": 11, ""mode"": ""visual-and-text"", ""reviewer"": ""Codex Astra"", ""date"": ""2026-09-11""}, {""page"": 12, ""mode"": ""visual-and-text"", ""reviewer"": ""Codex Astra"", ""date"": ""2026-09-11""}, {""page"": 13, ""mode"": ""visual-and-text"", ""reviewer"": ""Codex Astra"", ""date"": ""2026-09-11""}, {""page"": 14, ""mode"": ""visual-and-text"", ""reviewer"": ""Codex Astra"", ""date"": ""2026-09-11""}, {""page"": 15, ""mode"": ""visual-and-text"", ""reviewer"": ""Codex Astra"", ""date"": ""2026-09-11""}, {""page"": 16, ""mode"": ""visual-and-text"", ""reviewer"": ""Codex Astra"", ""date"": ""2026-09-11""}, {""page"": 17, ""mode"": ""visual-and-text"", ""reviewer"": ""Codex Astra"", ""date"": ""2026-09-11""}]",agent-reviewed,Matched existing cover review; retained legacy paper ID. See explicit reviewed pages and separate detailed extraction status.,physics-detailed-2026-09-11,2026-09-11
4HB1-spec,4HB1,specification,https://qualifications.pearson.com/content/dam/pdf/International%20GCSE/Human%20Biology/2017/specification-and-sample-assessment/international-gcse-human-biology-2017-spec.pdf,4HB1 official linear specification,Pearson,Issue 2,,,,,,,,989c6536fa946f1361e45e3c1e0ebced240a9f4666a2c835ce9cf9724a38e30f,50,obtained,research/sources.json,[],metadata-only,Direct transcription of saved source metadata. No new identity or content review; existing specification and curriculum reviews remain separate overlays.,,2026-09-28
4BI1-spec,4BI1,specification,https://qualifications.pearson.com/content/dam/pdf/International%20GCSE/Biology/2017/specification-and-sample-assessments/international-gcse-biology-2017-specification1.pdf,4BI1 official linear specification,Pearson,Issue 3,,,,,,,,9f474a0ef0e93ef3c3107b568956d163454cdb476bb2017189e8dd12c0d58cef,56,obtained,research/sources.json,[],metadata-only,Direct transcription of saved source metadata. No new identity or content review; existing specification and curriculum reviews remain separate overlays.,,2026-09-28
4CH1-spec,4CH1,specification,https://qualifications.pearson.com/content/dam/pdf/International%20GCSE/Chemistry/2017/specification-and-sample-assessments/international-gcse-chemistry-2017-specification.pdf,4CH1 official linear specification,Pearson,Issue 3,,,,,,,,36e2080d2e99f060bcc18f2a9d0bbd8b29498b45e007fa232e3befcd89b73362,58,obtained,research/sources.json,[],metadata-only,Direct transcription of saved source metadata. No new identity or content review; existing specification and curriculum reviews remain separate overlays.,,2026-09-28
4PH1-spec,4PH1,specification,https://qualifications.pearson.com/content/dam/pdf/International%20GCSE/Physics/2017/specification-and-sample-assessments/international-gcse-physics-2017-specification.pdf,4PH1 official linear specification,Pearson,Issue 4,,,,,,,,bac4b8312d4fbfc84672f909100d66b2b3cda0b25e98c0d11bbc7366dae482b2,62,obtained,research/sources.json,[],metadata-only,Direct transcription of saved source metadata. No new identity or content review; existing specification and curriculum reviews remain separate overlays.,,2026-09-28
4EB1-spec,4EB1,specification,https://qualifications.pearson.com/content/dam/pdf/International%20GCSE/English%20Language%20B/2016/Specification%20and%20sample%20assessments/international-gcse-english-lang-b-specification.pdf,4EB1 official linear specification,Pearson,Issue 4,,,,,,,,11d478a0846ec5269e9b3006f4c8872d075e2991a6a3edb3004eff3a599fe08f,29,obtained,research/sources.json,[],metadata-only,Direct transcription of saved source metadata. No new identity or content review; existing specification and curriculum reviews remain separate overlays.,,2026-09-28
4MB1-spec,4MB1,specification,https://qualifications.pearson.com/content/dam/pdf/International%20GCSE/Mathematics%20B/2016/Specification%20and%20sample%20assessments/international-gcse-in-mathematics-spec-b.pdf,4MB1 official linear specification,Pearson,Issue 1 – January 2016  © Pearson Education Limited 2016 ,,,,,,,,62d4534ba1c0aee42ce2d3e7fd1da8083fd03216dd106da11ae590525d3187a5,50,obtained,research/sources.json,[],metadata-only,Direct transcription of saved source metadata. No new identity or content review; existing specification and curriculum reviews remain separate overlays.,,2026-09-28
4MB1-2024-summer-01-candidate-qp,4MB1,question-paper,https://qualifications.pearson.com/content/dam/pdf/International-GCSE/Mathematics-B/2016/Exam-materials/4mb1-01-que-20240515.pdf,4MB1/01 Summer 2024 question-paper,Pearson,,2024,Summer,01,unresolved,2024-05-14,2024-05-15,P76502A,05e2896c96a92fe76d588bef9bfcef6ec6b5ee6cd95a5bed2404176caba9b0fb,24,obtained,research/extractions/4MB1-2024-summer-01.json,"[{""page"":1,""mode"":""visual-and-text"",""reviewer"":""Codex"",""date"":""2026-10-04""},{""page"":2,""mode"":""visual-and-text"",""reviewer"":""Codex"",""date"":""2026-10-02""},{""page"":3,""mode"":""visual-and-text"",""reviewer"":""Codex"",""date"":""2026-10-02""},{""page"":4,""mode"":""visual-and-text"",""reviewer"":""Codex"",""date"":""2026-10-02""},{""page"":5,""mode"":""visual-and-text"",""reviewer"":""Codex"",""date"":""2026-10-02""},{""page"":6,""mode"":""visual-and-text"",""reviewer"":""Codex"",""date"":""2026-10-02""},{""page"":7,""mode"":""visual-and-text"",""reviewer"":""Codex"",""date"":""2026-10-02""},{""page"":8,""mode"":""visual-and-text"",""reviewer"":""Codex"",""date"":""2026-10-02""},{""page"":9,""mode"":""visual-and-text"",""reviewer"":""Codex"",""date"":""2026-10-02""},{""page"":10,""mode"":""visual-and-text"",""reviewer"":""Codex"",""date"":""2026-10-02""},{""page"":11,""mode"":""visual-and-text"",""reviewer"":""Codex"",""date"":""2026-10-02""},{""page"":12,""mode"":""visual-and-text"",""reviewer"":""Codex"",""date"":""2026-10-02""},{""page"":13,""mode"":""visual-and-text"",""reviewer"":""Codex"",""date"":""2026-10-02""},{""page"":14,""mode"":""visual-and-text"",""reviewer"":""Codex"",""date"":""2026-10-02""},{""page"":15,""mode"":""visual-and-text"",""reviewer"":""Codex"",""date"":""2026-10-02""},{""page"":16,""mode"":""visual-and-text"",""reviewer"":""Codex"",""date"":""2026-10-02""},{""page"":17,""mode"":""visual-and-text"",""reviewer"":""Codex"",""date"":""2026-10-02""},{""page"":18,""mode"":""visual-and-text"",""reviewer"":""Codex"",""date"":""2026-10-04""},{""page"":19,""mode"":""visual-and-text"",""reviewer"":""Codex"",""date"":""2026-10-04""},{""page"":20,""mode"":""visual-and-text"",""reviewer"":""Codex"",""date"":""2026-10-04""},{""page"":21,""mode"":""visual-and-text"",""reviewer"":""Codex"",""date"":""2026-10-04""},{""page"":22,""mode"":""visual-and-text"",""reviewer"":""Codex"",""date"":""2026-10-04""},{""page"":23,""mode"":""visual-and-text"",""reviewer"":""Codex"",""date"":""2026-10-04""},{""page"":24,""mode"":""visual-and-text"",""reviewer"":""Codex"",""date"":""2026-10-04""}]",agent-reviewed,"Cover identity matched; candidate ID and unresolved variant retained. The visually verified examination date is 14 May 2024; the question-paper URL filename contains 20240515. The printed date is used for identity, and the original URL is preserved. Reason for filename difference is unknown.",maths-detailed-2026-10-04,2026-10-04
4MB1-2024-summer-01-candidate-ms,4MB1,mark-scheme,https://qualifications.pearson.com/content/dam/pdf/International-GCSE/Mathematics-B/2016/Exam-materials/4mb1-01-rms-20240822.pdf,4MB1/01 Summer 2024 mark-scheme,Pearson,,2024,Summer,01,unresolved,,,4MB1_01_2406_MS,5e57bd1855d44ac575ba380b1b35f34039f62825259e94e173a064909c21bbf9,26,obtained,research/extractions/4MB1-2024-summer-01.json,"[{""page"":1,""mode"":""visual-and-text"",""reviewer"":""Codex"",""date"":""2026-10-04""},{""page"":2,""mode"":""visual-and-text"",""reviewer"":""Codex"",""date"":""2026-10-04""},{""page"":3,""mode"":""visual-and-text"",""reviewer"":""Codex"",""date"":""2026-10-02""},{""page"":4,""mode"":""visual-and-text"",""reviewer"":""Codex"",""date"":""2026-10-02""},{""page"":5,""mode"":""visual-and-text"",""reviewer"":""Codex"",""date"":""2026-10-02""},{""page"":6,""mode"":""visual-and-text"",""reviewer"":""Codex"",""date"":""2026-10-02""},{""page"":7,""mode"":""visual-and-text"",""reviewer"":""Codex"",""date"":""2026-10-02""},{""page"":8,""mode"":""visual-and-text"",""reviewer"":""Codex"",""date"":""2026-10-02""},{""page"":9,""mode"":""visual-and-text"",""reviewer"":""Codex"",""date"":""2026-10-02""},{""page"":10,""mode"":""visual-and-text"",""reviewer"":""Codex"",""date"":""2026-10-02""},{""page"":11,""mode"":""visual-and-text"",""reviewer"":""Codex"",""date"":""2026-10-02""},{""page"":12,""mode"":""visual-and-text"",""reviewer"":""Codex"",""date"":""2026-10-02""},{""page"":13,""mode"":""visual-and-text"",""reviewer"":""Codex"",""date"":""2026-10-02""},{""page"":14,""mode"":""visual-and-text"",""reviewer"":""Codex"",""date"":""2026-10-02""},{""page"":15,""mode"":""visual-and-text"",""reviewer"":""Codex"",""date"":""2026-10-02""},{""page"":16,""mode"":""visual-and-text"",""reviewer"":""Codex"",""date"":""2026-10-02""},{""page"":17,""mode"":""visual-and-text"",""reviewer"":""Codex"",""date"":""2026-10-02""},{""page"":18,""mode"":""visual-and-text"",""reviewer"":""Codex"",""date"":""2026-10-02""},{""page"":19,""mode"":""visual-and-text"",""reviewer"":""Codex"",""date"":""2026-10-02""},{""page"":20,""mode"":""visual-and-text"",""reviewer"":""Codex"",""date"":""2026-10-02""},{""page"":21,""mode"":""visual-and-text"",""reviewer"":""Codex"",""date"":""2026-10-04""},{""page"":22,""mode"":""visual-and-text"",""reviewer"":""Codex"",""date"":""2026-10-04""},{""page"":23,""mode"":""visual-and-text"",""reviewer"":""Codex"",""date"":""2026-10-04""},{""page"":24,""mode"":""visual-and-text"",""reviewer"":""Codex"",""date"":""2026-10-04""},{""page"":25,""mode"":""visual-and-text"",""reviewer"":""Codex"",""date"":""2026-10-04""},{""page"":26,""mode"":""visual-and-text"",""reviewer"":""Codex"",""date"":""2026-10-04""}]",agent-reviewed,"Cover identity matched; candidate ID and unresolved variant retained. The visually verified examination date is 14 May 2024; the question-paper URL filename contains 20240515. The printed date is used for identity, and the original URL is preserved. Reason for filename difference is unknown.",maths-detailed-2026-10-04,2026-10-04
pilot-4EB1-2024-November-01-qp,4EB1,question-paper,https://qualifications.pearson.com/content/dam/pdf/International-GCSE/English-Language-B/2016/Exam-materials/4eb1-01-que-20241106.pdf,4EB1-2024-November-01 question-paper,Pearson,,2024,November,01,standard,2024-11-05,2024-11-06,,709d86bf32b96b664c8b71c2c086b67dd87baf5a22564da4b82bac57a2f14bb7,36,obtained,research/pilot/4EB1-2024-November-01.json,"[{""page"":1,""mode"":""visual-and-text"",""reviewer"":""Codex / Astra pilot inspection"",""date"":""2026-09-08""},{""page"":2,""mode"":""visual-and-text"",""reviewer"":""Codex / Astra pilot inspection"",""date"":""2026-09-08""},{""page"":3,""mode"":""text"",""reviewer"":""Codex / Astra pilot inspection"",""date"":""2026-09-08""},{""page"":4,""mode"":""text"",""reviewer"":""Codex / Astra pilot inspection"",""date"":""2026-09-08""},{""page"":5,""mode"":""text"",""reviewer"":""Codex / Astra pilot inspection"",""date"":""2026-09-08""},{""page"":6,""mode"":""visual-and-text"",""reviewer"":""Codex / Astra pilot inspection"",""date"":""2026-09-08""},{""page"":7,""mode"":""text"",""reviewer"":""Codex / Astra pilot inspection"",""date"":""2026-09-08""},{""page"":8,""mode"":""text"",""reviewer"":""Codex / Astra pilot inspection"",""date"":""2026-09-08""},{""page"":9,""mode"":""text"",""reviewer"":""Codex / Astra pilot inspection"",""date"":""2026-09-08""},{""page"":10,""mode"":""text"",""reviewer"":""Codex / Astra pilot inspection"",""date"":""2026-09-08""},{""page"":11,""mode"":""text"",""reviewer"":""Codex / Astra pilot inspection"",""date"":""2026-09-08""},{""page"":12,""mode"":""text"",""reviewer"":""Codex / Astra pilot inspection"",""date"":""2026-09-08""},{""page"":13,""mode"":""text"",""reviewer"":""Codex / Astra pilot inspection"",""date"":""2026-09-08""},{""page"":14,""mode"":""text"",""reviewer"":""Codex / Astra pilot inspection"",""date"":""2026-09-08""},{""page"":15,""mode"":""text"",""reviewer"":""Codex / Astra pilot inspection"",""date"":""2026-09-08""},{""page"":16,""mode"":""text"",""reviewer"":""Codex / Astra pilot inspection"",""date"":""2026-09-08""},{""page"":17,""mode"":""text"",""reviewer"":""Codex / Astra pilot inspection"",""date"":""2026-09-08""},{""page"":18,""mode"":""text"",""reviewer"":""Codex / Astra pilot inspection"",""date"":""2026-09-08""},{""page"":19,""mode"":""text"",""reviewer"":""Codex / Astra pilot inspection"",""date"":""2026-09-08""},{""page"":20,""mode"":""text"",""reviewer"":""Codex / Astra pilot inspection"",""date"":""2026-09-08""},{""page"":21,""mode"":""visual-and-text"",""reviewer"":""Codex / Astra pilot inspection"",""date"":""2026-09-08""},{""page"":22,""mode"":""text"",""reviewer"":""Codex / Astra pilot inspection"",""date"":""2026-09-08""},{""page"":23,""mode"":""text"",""reviewer"":""Codex / Astra pilot inspection"",""date"":""2026-09-08""},{""page"":24,""mode"":""text"",""reviewer"":""Codex / Astra pilot inspection"",""date"":""2026-09-08""},{""page"":25,""mode"":""text"",""reviewer"":""Codex / Astra pilot inspection"",""date"":""2026-09-08""},{""page"":26,""mode"":""text"",""reviewer"":""Codex / Astra pilot inspection"",""date"":""2026-09-08""},{""page"":27,""mode"":""text"",""reviewer"":""Codex / Astra pilot inspection"",""date"":""2026-09-08""},{""page"":28,""mode"":""text"",""reviewer"":""Codex / Astra pilot inspection"",""date"":""2026-09-08""},{""page"":29,""mode"":""text"",""reviewer"":""Codex / Astra pilot inspection"",""date"":""2026-09-08""},{""page"":30,""mode"":""visual-and-text"",""reviewer"":""Codex / Astra pilot inspection"",""date"":""2026-09-08""},{""page"":31,""mode"":""visual-and-text"",""reviewer"":""Codex / Astra pilot inspection"",""date"":""2026-09-08""},{""page"":32,""mode"":""visual-and-text"",""reviewer"":""Codex / Astra pilot inspection"",""date"":""2026-09-08""},{""page"":33,""mode"":""visual-and-text"",""reviewer"":""Codex / Astra pilot inspection"",""date"":""2026-09-08""},{""page"":34,""mode"":""text"",""reviewer"":""Codex / Astra pilot inspection"",""date"":""2026-09-08""},{""page"":35,""mode"":""text"",""reviewer"":""Codex / Astra pilot inspection"",""date"":""2026-09-08""},{""page"":36,""mode"":""text"",""reviewer"":""Codex / Astra pilot inspection"",""date"":""2026-09-08""}]",agent-reviewed,Normalized existing pilot metadata and exact recorded review modes only. Source booklet is embedded on PDF pages 29–36. Separate printed pagination; source texts on 30–33. Full visual page audit not yet recorded.,2026-09-08-single-paper-pilot,2026-10-05
pilot-4EB1-2024-November-01-ms,4EB1,mark-scheme,https://qualifications.pearson.com/content/dam/pdf/International-GCSE/English-Language-B/2016/Exam-materials/4eb1-01-rms-20250123.pdf,4EB1-2024-November-01 mark-scheme,Pearson,,2024,November,01,standard,,2025-01-23,,0c0aeb7b99c1f2bc8811b7bb1ad5b3f2c8f21fd04eb21386f9dd63b8ee61fc04,20,obtained,research/pilot/4EB1-2024-November-01.json,"[{""page"":1,""mode"":""text"",""reviewer"":""Codex / Astra pilot inspection"",""date"":""2026-09-08""},{""page"":2,""mode"":""text"",""reviewer"":""Codex / Astra pilot inspection"",""date"":""2026-09-08""},{""page"":3,""mode"":""text"",""reviewer"":""Codex / Astra pilot inspection"",""date"":""2026-09-08""},{""page"":4,""mode"":""text"",""reviewer"":""Codex / Astra pilot inspection"",""date"":""2026-09-08""},{""page"":5,""mode"":""visual"",""reviewer"":""Codex / Astra pilot inspection"",""date"":""2026-09-08""},{""page"":6,""mode"":""visual"",""reviewer"":""Codex / Astra pilot inspection"",""date"":""2026-09-08""},{""page"":7,""mode"":""visual"",""reviewer"":""Codex / Astra pilot inspection"",""date"":""2026-09-08""},{""page"":8,""mode"":""visual"",""reviewer"":""Codex / Astra pilot inspection"",""date"":""2026-09-08""},{""page"":9,""mode"":""visual"",""reviewer"":""Codex / Astra pilot inspection"",""date"":""2026-09-08""},{""page"":10,""mode"":""visual"",""reviewer"":""Codex / Astra pilot inspection"",""date"":""2026-09-08""},{""page"":11,""mode"":""visual"",""reviewer"":""Codex / Astra pilot inspection"",""date"":""2026-09-08""},{""page"":12,""mode"":""visual"",""reviewer"":""Codex / Astra pilot inspection"",""date"":""2026-09-08""},{""page"":13,""mode"":""visual"",""reviewer"":""Codex / Astra pilot inspection"",""date"":""2026-09-08""},{""page"":14,""mode"":""visual"",""reviewer"":""Codex / Astra pilot inspection"",""date"":""2026-09-08""},{""page"":15,""mode"":""visual"",""reviewer"":""Codex / Astra pilot inspection"",""date"":""2026-09-08""},{""page"":16,""mode"":""visual"",""reviewer"":""Codex / Astra pilot inspection"",""date"":""2026-09-08""},{""page"":17,""mode"":""visual"",""reviewer"":""Codex / Astra pilot inspection"",""date"":""2026-09-08""},{""page"":18,""mode"":""visual"",""reviewer"":""Codex / Astra pilot inspection"",""date"":""2026-09-08""},{""page"":19,""mode"":""visual"",""reviewer"":""Codex / Astra pilot inspection"",""date"":""2026-09-08""},{""page"":20,""mode"":""visual"",""reviewer"":""Codex / Astra pilot inspection"",""date"":""2026-09-08""}]",agent-reviewed,Normalized existing pilot metadata and exact recorded review modes only. Both pypdf and PyMuPDF text extraction lose substantial grid text. Content pages reviewed visually; structured full rubric extraction remains pending for ten tasks.,2026-09-08-single-paper-pilot,2026-10-05
pilot-4EB1-2024-November-01-er,4EB1,examiner-report,https://qualifications.pearson.com/content/dam/pdf/International-GCSE/English-Language-B/2016/Exam-materials/4eb1-01-pef-20250123.pdf,4EB1-2024-November-01 examiner-report,Pearson,,2024,November,01,standard,,2025-01-23,,2757e1c77c8c201a9ab734cc673b0a73b979cfe29cff6a661a2f290f0090e315,16,obtained,research/pilot/4EB1-2024-November-01.json,"[{""page"":5,""mode"":""text"",""reviewer"":""Codex / Astra pilot inspection"",""date"":""2026-09-08""},{""page"":6,""mode"":""text"",""reviewer"":""Codex / Astra pilot inspection"",""date"":""2026-09-08""}]",agent-reviewed,Normalized existing pilot metadata and exact recorded review modes only. Page 6 supports the Q5 worked extraction. Other partial reading is not claimed as a completed report review.,2026-09-08-single-paper-pilot,2026-10-05
4HB1-2024-May-01-standard:questionPaper,4HB1,question-paper,https://qualifications.pearson.com/content/dam/pdf/International-GCSE/Human-Biology/2017/Exam-materials/4hb1-01-que-20240515.pdf,4HB1/01 Summer 2024 question-paper,Pearson,,2024,June,01,unresolved,2024-05-14,2024-05-15,,6f65e16f7752630e632eb16ae6cf481252154fbdd187854a30c3a4ca75d72ef1,24,obtained,research/extractions/4HB1-2024-May-01-standard.json,"[{""page"":1,""mode"":""visual"",""reviewer"":""Codex cover visual review"",""date"":""2026-09-09""},{""page"":2,""mode"":""visual"",""reviewer"":""Codex visual/source review"",""date"":""2026-10-05""},{""page"":3,""mode"":""visual"",""reviewer"":""Codex visual/source review"",""date"":""2026-10-05""},{""page"":4,""mode"":""visual"",""reviewer"":""Codex visual/source review"",""date"":""2026-10-05""},{""page"":5,""mode"":""visual"",""reviewer"":""Codex visual/source review"",""date"":""2026-10-05""},{""page"":6,""mode"":""visual"",""reviewer"":""Codex visual/source review"",""date"":""2026-10-05""},{""page"":7,""mode"":""visual"",""reviewer"":""Codex visual/source review"",""date"":""2026-10-05""},{""page"":8,""mode"":""visual"",""reviewer"":""Codex visual/source review"",""date"":""2026-10-05""},{""page"":9,""mode"":""visual"",""reviewer"":""Codex visual/source review"",""date"":""2026-10-05""},{""page"":10,""mode"":""visual"",""reviewer"":""Codex visual/source review"",""date"":""2026-10-05""},{""page"":11,""mode"":""visual"",""reviewer"":""Codex visual/source review"",""date"":""2026-10-05""},{""page"":12,""mode"":""visual"",""reviewer"":""Codex visual/source review"",""date"":""2026-10-05""},{""page"":13,""mode"":""visual"",""reviewer"":""Codex visual/source review"",""date"":""2026-10-05""},{""page"":14,""mode"":""visual"",""reviewer"":""Codex visual/source review"",""date"":""2026-10-05""},{""page"":15,""mode"":""visual"",""reviewer"":""Codex visual/source review"",""date"":""2026-10-05""},{""page"":16,""mode"":""visual"",""reviewer"":""Codex visual/source review"",""date"":""2026-10-05""},{""page"":17,""mode"":""visual"",""reviewer"":""Codex visual/source review"",""date"":""2026-10-05""},{""page"":18,""mode"":""visual"",""reviewer"":""Codex visual/source review"",""date"":""2026-10-05""},{""page"":19,""mode"":""visual"",""reviewer"":""Codex visual/source review"",""date"":""2026-10-05""},{""page"":20,""mode"":""visual"",""reviewer"":""Codex visual/source review"",""date"":""2026-10-05""},{""page"":21,""mode"":""visual"",""reviewer"":""Codex visual/source review"",""date"":""2026-10-05""},{""page"":22,""mode"":""visual"",""reviewer"":""Codex visual/source review"",""date"":""2026-10-05""},{""page"":23,""mode"":""visual"",""reviewer"":""Codex visual/source review"",""date"":""2026-10-05""},{""page"":24,""mode"":""visual"",""reviewer"":""Codex visual/source review"",""date"":""2026-10-05""}]",agent-reviewed,Original legacy ID retained; printed date differs from filename. Variant remains unresolved. Full structural inventory matched by paper log; all Q1–Q9 detailed; full processing still gated.,human-detailed-2026-10-05,2026-10-05
4HB1-2024-May-01-standard:markScheme,4HB1,mark-scheme,https://qualifications.pearson.com/content/dam/pdf/International-GCSE/Human-Biology/2017/Exam-materials/4hb1-01-rms-20240822.pdf,4HB1/01 Summer 2024 mark-scheme,Pearson,,2024,June,01,unresolved,,,,226c87f3b1a1a212cd2c1d4e3b8ec1f77a571b3032a830118e352f66757c5a0c,12,obtained,research/extractions/4HB1-2024-May-01-standard.json,"[{""page"":1,""mode"":""visual"",""reviewer"":""Codex cover visual review"",""date"":""2026-09-09""},{""page"":2,""mode"":""visual"",""reviewer"":""Codex visual/source review"",""date"":""2026-10-05""},{""page"":3,""mode"":""visual"",""reviewer"":""Codex visual/source review"",""date"":""2026-10-05""},{""page"":4,""mode"":""visual"",""reviewer"":""Codex visual/source review"",""date"":""2026-10-05""},{""page"":5,""mode"":""visual"",""reviewer"":""Codex visual/source review"",""date"":""2026-10-05""},{""page"":6,""mode"":""visual"",""reviewer"":""Codex visual/source review"",""date"":""2026-10-05""},{""page"":7,""mode"":""visual"",""reviewer"":""Codex visual/source review"",""date"":""2026-10-05""},{""page"":8,""mode"":""visual"",""reviewer"":""Codex visual/source review"",""date"":""2026-10-05""},{""page"":9,""mode"":""visual"",""reviewer"":""Codex visual/source review"",""date"":""2026-10-05""},{""page"":10,""mode"":""visual"",""reviewer"":""Codex visual/source review"",""date"":""2026-10-05""},{""page"":11,""mode"":""visual"",""reviewer"":""Codex visual/source review"",""date"":""2026-10-05""},{""page"":12,""mode"":""visual"",""reviewer"":""Codex visual/source review"",""date"":""2026-10-05""}]",agent-reviewed,Original legacy ID retained; printed date differs from filename. Variant remains unresolved. Full structural inventory matched by paper log; all Q1–Q9 detailed; full processing still gated.,human-detailed-2026-10-05,2026-10-05
4BI1-2024-June-1-standard:questionPaper,4BI1,question-paper,https://qualifications.pearson.com/content/dam/pdf/International-GCSE/Biology/2017/Exam-materials/4bi1-1b-que-20240511.pdf,4BI1/1B Summer 2024 question-paper,Pearson,,2024,June,1B,unresolved,2024-05-10,2024-05-11,,5d4a76b9c961f83179706c753c95b56efc4e0cb792452c3307a0029454a54337,32,obtained,research/extractions/4BI1-2024-June-1-standard.json,"[{""page"":1,""mode"":""visual-cover"",""reviewer"":""Codex cover visual review"",""date"":""2026-09-09""},{""page"":2,""mode"":""visual-Q1-Q6-subset"",""reviewer"":""Codex visual/source review"",""date"":""2026-10-07""},{""page"":3,""mode"":""visual-Q1-Q6-subset"",""reviewer"":""Codex visual/source review"",""date"":""2026-10-07""},{""page"":4,""mode"":""visual-Q1-Q6-subset"",""reviewer"":""Codex visual/source review"",""date"":""2026-10-07""},{""page"":5,""mode"":""visual-Q1-Q6-subset"",""reviewer"":""Codex visual/source review"",""date"":""2026-10-07""},{""page"":6,""mode"":""visual-Q1-Q6-subset"",""reviewer"":""Codex visual/source review"",""date"":""2026-10-07""},{""page"":7,""mode"":""visual-Q1-Q6-subset"",""reviewer"":""Codex visual/source review"",""date"":""2026-10-07""},{""page"":8,""mode"":""visual-Q1-Q6-subset"",""reviewer"":""Codex visual/source review"",""date"":""2026-10-07""},{""page"":9,""mode"":""visual-Q1-Q6-subset"",""reviewer"":""Codex visual/source review"",""date"":""2026-10-07""},{""page"":10,""mode"":""visual-Q1-Q6-subset"",""reviewer"":""Codex visual/source review"",""date"":""2026-10-07""},{""page"":11,""mode"":""visual-Q1-Q6-subset"",""reviewer"":""Codex visual/source review"",""date"":""2026-10-07""},{""page"":13,""mode"":""visual-Q1-Q6-subset"",""reviewer"":""Codex visual/source review"",""date"":""2026-10-07""},{""page"":14,""mode"":""visual-Q1-Q6-subset"",""reviewer"":""Codex visual/source review"",""date"":""2026-10-07""},{""page"":15,""mode"":""visual-Q1-Q6-subset"",""reviewer"":""Codex visual/source review"",""date"":""2026-10-07""},{""page"":17,""mode"":""visual-Q1-Q6-subset"",""reviewer"":""Codex visual/source review"",""date"":""2026-10-07""},{""page"":18,""mode"":""visual-Q1-Q6-subset"",""reviewer"":""Codex visual/source review"",""date"":""2026-10-07""},{""page"":19,""mode"":""visual-Q1-Q6-subset"",""reviewer"":""Codex visual/source review"",""date"":""2026-10-07""}]",agent-reviewed-subset,Cover match plus Q1–Q6 task pairing only. Legacy standard variant unresolved; printed/filename date conflict retained. Whole-page audit pending.,biology-detailed-2026-10-07,2026-10-07
4BI1-2024-June-1-standard:markScheme,4BI1,mark-scheme,https://qualifications.pearson.com/content/dam/pdf/International-GCSE/Biology/2017/Exam-materials/4bi1-1b-rms-20240822.pdf,4BI1/1B Summer 2024 mark-scheme,Pearson,,2024,June,1B,unresolved,,,,50e93a23131b5ad5642423d2db2ff40f6276c35b15b7f0fb3210b5765423d104,24,obtained,research/extractions/4BI1-2024-June-1-standard.json,"[{""page"":1,""mode"":""visual-cover"",""reviewer"":""Codex cover visual review"",""date"":""2026-09-09""},{""page"":3,""mode"":""visual-Q1-Q6-subset"",""reviewer"":""Codex visual/source review"",""date"":""2026-10-07""},{""page"":4,""mode"":""visual-Q1-Q6-subset"",""reviewer"":""Codex visual/source review"",""date"":""2026-10-07""},{""page"":5,""mode"":""visual-Q1-Q6-subset"",""reviewer"":""Codex visual/source review"",""date"":""2026-10-07""},{""page"":6,""mode"":""visual-Q1-Q6-subset"",""reviewer"":""Codex visual/source review"",""date"":""2026-10-07""},{""page"":7,""mode"":""visual-Q1-Q6-subset"",""reviewer"":""Codex visual/source review"",""date"":""2026-10-07""},{""page"":8,""mode"":""visual-Q1-Q6-subset"",""reviewer"":""Codex visual/source review"",""date"":""2026-10-07""},{""page"":9,""mode"":""visual-Q1-Q6-subset"",""reviewer"":""Codex visual/source review"",""date"":""2026-10-07""},{""page"":10,""mode"":""visual-Q1-Q6-subset"",""reviewer"":""Codex visual/source review"",""date"":""2026-10-07""},{""page"":11,""mode"":""visual-Q1-Q6-subset"",""reviewer"":""Codex visual/source review"",""date"":""2026-10-07""},{""page"":12,""mode"":""visual-Q1-Q6-subset"",""reviewer"":""Codex visual/source review"",""date"":""2026-10-07""},{""page"":13,""mode"":""visual-Q1-Q6-subset"",""reviewer"":""Codex visual/source review"",""date"":""2026-10-07""},{""page"":14,""mode"":""visual-Q1-Q6-subset"",""reviewer"":""Codex visual/source review"",""date"":""2026-10-07""},{""page"":15,""mode"":""visual-Q1-Q6-subset"",""reviewer"":""Codex visual/source review"",""date"":""2026-10-07""}]",agent-reviewed-subset,Cover match plus Q1–Q6 task pairing only. Legacy standard variant unresolved; printed/filename date conflict retained. Whole-page audit pending.,biology-detailed-2026-10-07,2026-10-07
