objective_coverage_id,objective_id,qualification,chapter_id,heading_id,explanation_status,example_ids_json,teaching_review_path,teaching_reviewed_at,source_check_status,human_reviewed,blockers_json,updated_at
4EB1:issue4:AO1:reading:reading-objectives,4EB1:issue4:AO1,4EB1,reading,reading-objectives,partial,"[""reading-objectives:example""]",research/teaching-reviews/4EB1-reading-foundations.json,2026-09-21,agent-source-checked,false,"[""Full text-range and whole-response calibration incomplete."",""Objective/chapter completion not certified.""]",2026-10-06
4EB1:issue4:AO2:reading:reading-objectives,4EB1:issue4:AO2,4EB1,reading,reading-objectives,partial,"[""reading-objectives:example""]",research/teaching-reviews/4EB1-reading-foundations.json,2026-09-21,agent-source-checked,false,"[""Full text-range and whole-response calibration incomplete."",""Objective/chapter completion not certified.""]",2026-10-06
4EB1:issue4:AO3:reading:reading-objectives,4EB1:issue4:AO3,4EB1,reading,reading-objectives,partial,"[""reading-objectives:example""]",research/teaching-reviews/4EB1-reading-foundations.json,2026-09-21,agent-source-checked,false,"[""Full text-range and whole-response calibration incomplete."",""Objective/chapter completion not certified.""]",2026-10-06
4EB1:issue4:AO1:reading:retrieving-precise-details,4EB1:issue4:AO1,4EB1,reading,retrieving-precise-details,partial,"[""retrieving-precise-details:example""]",research/teaching-reviews/4EB1-reading-foundations.json,2026-09-21,agent-source-checked,false,"[""Full text-range and whole-response calibration incomplete."",""Objective/chapter completion not certified.""]",2026-10-06
4EB1:issue4:AO1:reading:inference-with-evidence,4EB1:issue4:AO1,4EB1,reading,inference-with-evidence,partial,"[""inference-with-evidence:example""]",research/teaching-reviews/4EB1-reading-foundations.json,2026-09-21,agent-source-checked,false,"[""Full text-range and whole-response calibration incomplete."",""Objective/chapter completion not certified.""]",2026-10-06
4EB1:issue4:AO2:reading:analysing-language,4EB1:issue4:AO2,4EB1,reading,analysing-language,partial,"[""analysing-language:example""]",research/teaching-reviews/4EB1-reading-foundations.json,2026-09-21,agent-source-checked,false,"[""Full text-range and whole-response calibration incomplete."",""Objective/chapter completion not certified.""]",2026-10-06
4EB1:issue4:AO2:reading:analysing-structure,4EB1:issue4:AO2,4EB1,reading,analysing-structure,partial,"[""analysing-structure:example""]",research/teaching-reviews/4EB1-reading-foundations.json,2026-09-21,agent-source-checked,false,"[""Full text-range and whole-response calibration incomplete."",""Objective/chapter completion not certified.""]",2026-10-06
4EB1:issue4:AO3:reading:comparing-perspectives,4EB1:issue4:AO3,4EB1,reading,comparing-perspectives,partial,"[""comparing-perspectives:example""]",research/teaching-reviews/4EB1-reading-foundations.json,2026-09-21,agent-source-checked,false,"[""Full text-range and whole-response calibration incomplete."",""Objective/chapter completion not certified.""]",2026-10-06
4EB1:issue4:AO1:reading:building-a-reading-response,4EB1:issue4:AO1,4EB1,reading,building-a-reading-response,partial,"[""building-a-reading-response:example""]",research/teaching-reviews/4EB1-reading-foundations.json,2026-09-21,agent-source-checked,false,"[""Full text-range and whole-response calibration incomplete."",""Objective/chapter completion not certified.""]",2026-10-06
4EB1:issue4:AO2:reading:building-a-reading-response,4EB1:issue4:AO2,4EB1,reading,building-a-reading-response,partial,"[""building-a-reading-response:example""]",research/teaching-reviews/4EB1-reading-foundations.json,2026-09-21,agent-source-checked,false,"[""Full text-range and whole-response calibration incomplete."",""Objective/chapter completion not certified.""]",2026-10-06
4EB1:issue4:AO3:reading:building-a-reading-response,4EB1:issue4:AO3,4EB1,reading,building-a-reading-response,partial,"[""building-a-reading-response:example""]",research/teaching-reviews/4EB1-reading-foundations.json,2026-09-21,agent-source-checked,false,"[""Full text-range and whole-response calibration incomplete."",""Objective/chapter completion not certified.""]",2026-10-06
4EB1:issue4:AO1:directed-writing:directed-writing-task-and-objectives,4EB1:issue4:AO1,4EB1,directed-writing,directed-writing-task-and-objectives,partial,"[""directed-writing-task-and-objectives:example""]",research/teaching-reviews/4EB1-writing-foundations.json,2026-10-06,agent-source-checked,false,"[""Full text-range and whole-response calibration incomplete."",""Objective/chapter completion not certified.""]",2026-10-06
4EB1:issue4:AO4:directed-writing:directed-writing-task-and-objectives,4EB1:issue4:AO4,4EB1,directed-writing,directed-writing-task-and-objectives,partial,"[""directed-writing-task-and-objectives:example""]",research/teaching-reviews/4EB1-writing-foundations.json,2026-10-06,agent-source-checked,false,"[""Full text-range and whole-response calibration incomplete."",""Objective/chapter completion not certified.""]",2026-10-06
4EB1:issue4:AO5:directed-writing:directed-writing-task-and-objectives,4EB1:issue4:AO5,4EB1,directed-writing,directed-writing-task-and-objectives,partial,"[""directed-writing-task-and-objectives:example""]",research/teaching-reviews/4EB1-writing-foundations.json,2026-10-06,agent-source-checked,false,"[""Full text-range and whole-response calibration incomplete."",""Objective/chapter completion not certified.""]",2026-10-06
4EB1:issue4:AO1:directed-writing:selecting-source-ideas,4EB1:issue4:AO1,4EB1,directed-writing,selecting-source-ideas,partial,"[""selecting-source-ideas:example""]",research/teaching-reviews/4EB1-writing-foundations.json,2026-10-06,agent-source-checked,false,"[""Full text-range and whole-response calibration incomplete."",""Objective/chapter completion not certified.""]",2026-10-06
4EB1:issue4:AO4:directed-writing:selecting-source-ideas,4EB1:issue4:AO4,4EB1,directed-writing,selecting-source-ideas,partial,"[""selecting-source-ideas:example""]",research/teaching-reviews/4EB1-writing-foundations.json,2026-10-06,agent-source-checked,false,"[""Full text-range and whole-response calibration incomplete."",""Objective/chapter completion not certified.""]",2026-10-06
4EB1:issue4:AO1:directed-writing:transforming-source-material,4EB1:issue4:AO1,4EB1,directed-writing,transforming-source-material,partial,"[""transforming-source-material:example""]",research/teaching-reviews/4EB1-writing-foundations.json,2026-10-06,agent-source-checked,false,"[""Full text-range and whole-response calibration incomplete."",""Objective/chapter completion not certified.""]",2026-10-06
4EB1:issue4:AO4:directed-writing:transforming-source-material,4EB1:issue4:AO4,4EB1,directed-writing,transforming-source-material,partial,"[""transforming-source-material:example""]",research/teaching-reviews/4EB1-writing-foundations.json,2026-10-06,agent-source-checked,false,"[""Full text-range and whole-response calibration incomplete."",""Objective/chapter completion not certified.""]",2026-10-06
4EB1:issue4:AO4:directed-writing:writing-an-article,4EB1:issue4:AO4,4EB1,directed-writing,writing-an-article,partial,"[""writing-an-article:example""]",research/teaching-reviews/4EB1-writing-foundations.json,2026-10-06,agent-source-checked,false,"[""Full text-range and whole-response calibration incomplete."",""Objective/chapter completion not certified.""]",2026-10-06
4EB1:issue4:AO5:directed-writing:writing-an-article,4EB1:issue4:AO5,4EB1,directed-writing,writing-an-article,partial,"[""writing-an-article:example""]",research/teaching-reviews/4EB1-writing-foundations.json,2026-10-06,agent-source-checked,false,"[""Full text-range and whole-response calibration incomplete."",""Objective/chapter completion not certified.""]",2026-10-06
4EB1:issue4:AO4:directed-writing:writing-a-speech,4EB1:issue4:AO4,4EB1,directed-writing,writing-a-speech,partial,"[""writing-a-speech:example""]",research/teaching-reviews/4EB1-writing-foundations.json,2026-10-06,agent-source-checked,false,"[""Full text-range and whole-response calibration incomplete."",""Objective/chapter completion not certified.""]",2026-10-06
4EB1:issue4:AO5:directed-writing:writing-a-speech,4EB1:issue4:AO5,4EB1,directed-writing,writing-a-speech,partial,"[""writing-a-speech:example""]",research/teaching-reviews/4EB1-writing-foundations.json,2026-10-06,agent-source-checked,false,"[""Full text-range and whole-response calibration incomplete."",""Objective/chapter completion not certified.""]",2026-10-06
4EB1:issue4:AO4:directed-writing:writing-a-letter,4EB1:issue4:AO4,4EB1,directed-writing,writing-a-letter,partial,"[""writing-a-letter:example""]",research/teaching-reviews/4EB1-writing-foundations.json,2026-10-06,agent-source-checked,false,"[""Full text-range and whole-response calibration incomplete."",""Objective/chapter completion not certified.""]",2026-10-06
4EB1:issue4:AO5:directed-writing:writing-a-letter,4EB1:issue4:AO5,4EB1,directed-writing,writing-a-letter,partial,"[""writing-a-letter:example""]",research/teaching-reviews/4EB1-writing-foundations.json,2026-10-06,agent-source-checked,false,"[""Full text-range and whole-response calibration incomplete."",""Objective/chapter completion not certified.""]",2026-10-06
4EB1:issue4:AO4:directed-writing:writing-for-a-website,4EB1:issue4:AO4,4EB1,directed-writing,writing-for-a-website,partial,"[""writing-for-a-website:example""]",research/teaching-reviews/4EB1-writing-foundations.json,2026-10-06,agent-source-checked,false,"[""Full text-range and whole-response calibration incomplete."",""Objective/chapter completion not certified.""]",2026-10-06
4EB1:issue4:AO5:directed-writing:writing-for-a-website,4EB1:issue4:AO5,4EB1,directed-writing,writing-for-a-website,partial,"[""writing-for-a-website:example""]",research/teaching-reviews/4EB1-writing-foundations.json,2026-10-06,agent-source-checked,false,"[""Full text-range and whole-response calibration incomplete."",""Objective/chapter completion not certified.""]",2026-10-06
4EB1:issue4:AO1:directed-writing:planning-and-checking-directed-writing,4EB1:issue4:AO1,4EB1,directed-writing,planning-and-checking-directed-writing,partial,"[""planning-and-checking-directed-writing:example""]",research/teaching-reviews/4EB1-writing-foundations.json,2026-10-06,agent-source-checked,false,"[""Full text-range and whole-response calibration incomplete."",""Objective/chapter completion not certified.""]",2026-10-06
4EB1:issue4:AO4:directed-writing:planning-and-checking-directed-writing,4EB1:issue4:AO4,4EB1,directed-writing,planning-and-checking-directed-writing,partial,"[""planning-and-checking-directed-writing:example""]",research/teaching-reviews/4EB1-writing-foundations.json,2026-10-06,agent-source-checked,false,"[""Full text-range and whole-response calibration incomplete."",""Objective/chapter completion not certified.""]",2026-10-06
4EB1:issue4:AO5:directed-writing:planning-and-checking-directed-writing,4EB1:issue4:AO5,4EB1,directed-writing,planning-and-checking-directed-writing,partial,"[""planning-and-checking-directed-writing:example""]",research/teaching-reviews/4EB1-writing-foundations.json,2026-10-06,agent-source-checked,false,"[""Full text-range and whole-response calibration incomplete."",""Objective/chapter completion not certified.""]",2026-10-06
4EB1:issue4:AO4:writing:choosing-a-writing-task,4EB1:issue4:AO4,4EB1,writing,choosing-a-writing-task,partial,"[""choosing-a-writing-task:example""]",research/teaching-reviews/4EB1-writing-foundations.json,2026-10-06,agent-source-checked,false,"[""Full text-range and whole-response calibration incomplete."",""Objective/chapter completion not certified.""]",2026-10-06
4EB1:issue4:AO5:writing:choosing-a-writing-task,4EB1:issue4:AO5,4EB1,writing,choosing-a-writing-task,partial,"[""choosing-a-writing-task:example""]",research/teaching-reviews/4EB1-writing-foundations.json,2026-10-06,agent-source-checked,false,"[""Full text-range and whole-response calibration incomplete."",""Objective/chapter completion not certified.""]",2026-10-06
4EB1:issue4:AO4:writing:developing-a-discursive-argument,4EB1:issue4:AO4,4EB1,writing,developing-a-discursive-argument,partial,"[""developing-a-discursive-argument:example""]",research/teaching-reviews/4EB1-writing-foundations.json,2026-10-06,agent-source-checked,false,"[""Full text-range and whole-response calibration incomplete."",""Objective/chapter completion not certified.""]",2026-10-06
4EB1:issue4:AO4:writing:counterarguments-and-conclusions,4EB1:issue4:AO4,4EB1,writing,counterarguments-and-conclusions,partial,"[""counterarguments-and-conclusions:example""]",research/teaching-reviews/4EB1-writing-foundations.json,2026-10-06,agent-source-checked,false,"[""Full text-range and whole-response calibration incomplete."",""Objective/chapter completion not certified.""]",2026-10-06
4EB1:issue4:AO4:writing:building-a-focused-narrative,4EB1:issue4:AO4,4EB1,writing,building-a-focused-narrative,partial,"[""building-a-focused-narrative:example""]",research/teaching-reviews/4EB1-writing-foundations.json,2026-10-06,agent-source-checked,false,"[""Full text-range and whole-response calibration incomplete."",""Objective/chapter completion not certified.""]",2026-10-06
4EB1:issue4:AO4:writing:organising-a-description,4EB1:issue4:AO4,4EB1,writing,organising-a-description,partial,"[""organising-a-description:example""]",research/teaching-reviews/4EB1-writing-foundations.json,2026-10-06,agent-source-checked,false,"[""Full text-range and whole-response calibration incomplete."",""Objective/chapter completion not certified.""]",2026-10-06
4EB1:issue4:AO4:writing:precise-vocabulary-and-register,4EB1:issue4:AO4,4EB1,writing,precise-vocabulary-and-register,partial,"[""precise-vocabulary-and-register:example""]",research/teaching-reviews/4EB1-writing-foundations.json,2026-10-06,agent-source-checked,false,"[""Full text-range and whole-response calibration incomplete."",""Objective/chapter completion not certified.""]",2026-10-06
4EB1:issue4:AO5:writing:precise-vocabulary-and-register,4EB1:issue4:AO5,4EB1,writing,precise-vocabulary-and-register,partial,"[""precise-vocabulary-and-register:example""]",research/teaching-reviews/4EB1-writing-foundations.json,2026-10-06,agent-source-checked,false,"[""Full text-range and whole-response calibration incomplete."",""Objective/chapter completion not certified.""]",2026-10-06
4EB1:issue4:AO5:writing:sentence-control-and-variety,4EB1:issue4:AO5,4EB1,writing,sentence-control-and-variety,partial,"[""sentence-control-and-variety:example""]",research/teaching-reviews/4EB1-writing-foundations.json,2026-10-06,agent-source-checked,false,"[""Full text-range and whole-response calibration incomplete."",""Objective/chapter completion not certified.""]",2026-10-06
4EB1:issue4:AO5:writing:punctuation-and-grammar-revision,4EB1:issue4:AO5,4EB1,writing,punctuation-and-grammar-revision,partial,"[""punctuation-and-grammar-revision:example""]",research/teaching-reviews/4EB1-writing-foundations.json,2026-10-06,agent-source-checked,false,"[""Full text-range and whole-response calibration incomplete."",""Objective/chapter completion not certified.""]",2026-10-06
4EB1:issue4:AO4:writing:paragraphs-cohesion-and-proofreading,4EB1:issue4:AO4,4EB1,writing,paragraphs-cohesion-and-proofreading,partial,"[""paragraphs-cohesion-and-proofreading:example""]",research/teaching-reviews/4EB1-writing-foundations.json,2026-10-06,agent-source-checked,false,"[""Full text-range and whole-response calibration incomplete."",""Objective/chapter completion not certified.""]",2026-10-06
4EB1:issue4:AO5:writing:paragraphs-cohesion-and-proofreading,4EB1:issue4:AO5,4EB1,writing,paragraphs-cohesion-and-proofreading,partial,"[""paragraphs-cohesion-and-proofreading:example""]",research/teaching-reviews/4EB1-writing-foundations.json,2026-10-06,agent-source-checked,false,"[""Full text-range and whole-response calibration incomplete."",""Objective/chapter completion not certified.""]",2026-10-06
