mapping_id,task_id,point_id,mapping_kind,current_applicability,evidence_refs_json,rationale,review_status,reviewed_by,reviewer_type,updated_at
4PH1-2024-June-1-standard.Q5.a:4PH1:issue4:1.23,4PH1-2024-June-1-standard.Q5.a,4PH1:issue4:1.23,primary,current-specification,"[{""documentId"": ""4PH1-spec"", ""pdfPages"": [18]}, {""documentId"": ""4PH1-2024-June-1-standard-ms"", ""pdfPages"": [8]}]",Required relationship/skill is explicitly listed on the reviewed Issue 4 Forces and motion pages.,agent-reviewed,Codex Astra,agent,2026-09-11
4PH1-2024-June-1-standard.Q5.b.i:4PH1:issue4:1.14,4PH1-2024-June-1-standard.Q5.b.i,4PH1:issue4:1.14,primary,current-specification,"[{""documentId"": ""4PH1-spec"", ""pdfPages"": [18]}, {""documentId"": ""4PH1-2024-June-1-standard-ms"", ""pdfPages"": [8]}]",Required relationship/skill is explicitly listed on the reviewed Issue 4 Forces and motion pages.,agent-reviewed,Codex Astra,agent,2026-09-11
4PH1-2024-June-1-standard.Q5.b.i:4PH1:issue4:1.15,4PH1-2024-June-1-standard.Q5.b.i,4PH1:issue4:1.15,primary,current-specification,"[{""documentId"": ""4PH1-spec"", ""pdfPages"": [18]}, {""documentId"": ""4PH1-2024-June-1-standard-ms"", ""pdfPages"": [8]}]",Required relationship/skill is explicitly listed on the reviewed Issue 4 Forces and motion pages.,agent-reviewed,Codex Astra,agent,2026-09-11
4PH1-2024-June-1-standard.Q5.b.ii:4PH1:issue4:1.17,4PH1-2024-June-1-standard.Q5.b.ii,4PH1:issue4:1.17,primary,current-specification,"[{""documentId"": ""4PH1-spec"", ""pdfPages"": [18]}, {""documentId"": ""4PH1-2024-June-1-standard-ms"", ""pdfPages"": [8]}]",Required relationship/skill is explicitly listed on the reviewed Issue 4 Forces and motion pages.,agent-reviewed,Codex Astra,agent,2026-09-11
4PH1-2024-June-1-standard.Q5.b.iii:4PH1:issue4:1.17,4PH1-2024-June-1-standard.Q5.b.iii,4PH1:issue4:1.17,primary,current-specification,"[{""documentId"": ""4PH1-spec"", ""pdfPages"": [18]}, {""documentId"": ""4PH1-2024-June-1-standard-ms"", ""pdfPages"": [8]}]",Required relationship/skill is explicitly listed on the reviewed Issue 4 Forces and motion pages.,agent-reviewed,Codex Astra,agent,2026-09-11
4PH1-2024-June-1-standard.Q5.b.iii:4PH1:issue4:1.18,4PH1-2024-June-1-standard.Q5.b.iii,4PH1:issue4:1.18,primary,current-specification,"[{""documentId"": ""4PH1-spec"", ""pdfPages"": [18]}, {""documentId"": ""4PH1-2024-June-1-standard-ms"", ""pdfPages"": [8]}]",Required relationship/skill is explicitly listed on the reviewed Issue 4 Forces and motion pages.,agent-reviewed,Codex Astra,agent,2026-09-11
4PH1-2024-June-1-standard.Q5.b.iii:4PH1:issue4:1.23,4PH1-2024-June-1-standard.Q5.b.iii,4PH1:issue4:1.23,primary,current-specification,"[{""documentId"": ""4PH1-spec"", ""pdfPages"": [18]}, {""documentId"": ""4PH1-2024-June-1-standard-ms"", ""pdfPages"": [8]}]",Required relationship/skill is explicitly listed on the reviewed Issue 4 Forces and motion pages.,agent-reviewed,Codex Astra,agent,2026-09-11
4PH1-2024-June-1-standard.Q12.a:4PH1:issue4:1.7,4PH1-2024-June-1-standard.Q12.a,4PH1:issue4:1.7,primary,current-specification,"[{""documentId"": ""4PH1-spec"", ""pdfPages"": [17]}, {""documentId"": ""4PH1-2024-June-1-standard-ms"", ""pdfPages"": [16]}]",Required relationship/skill is explicitly listed on the reviewed Issue 4 Forces and motion pages.,agent-reviewed,Codex Astra,agent,2026-09-11
4PH1-2024-June-1-standard.Q12.a:4PH1:issue4:1.8,4PH1-2024-June-1-standard.Q12.a,4PH1:issue4:1.8,primary,current-specification,"[{""documentId"": ""4PH1-spec"", ""pdfPages"": [17]}, {""documentId"": ""4PH1-2024-June-1-standard-ms"", ""pdfPages"": [16]}]",Required relationship/skill is explicitly listed on the reviewed Issue 4 Forces and motion pages.,agent-reviewed,Codex Astra,agent,2026-09-11
4PH1-2024-June-1-standard.Q12.b:4PH1:issue4:1.9,4PH1-2024-June-1-standard.Q12.b,4PH1:issue4:1.9,primary,current-specification,"[{""documentId"": ""4PH1-spec"", ""pdfPages"": [17]}, {""documentId"": ""4PH1-2024-June-1-standard-ms"", ""pdfPages"": [16]}]",Required relationship/skill is explicitly listed on the reviewed Issue 4 Forces and motion pages.,agent-reviewed,Codex Astra,agent,2026-09-11
4PH1-2024-June-1-standard.Q12.c:4PH1:issue4:1.7,4PH1-2024-June-1-standard.Q12.c,4PH1:issue4:1.7,primary,current-specification,"[{""documentId"": ""4PH1-spec"", ""pdfPages"": [17]}, {""documentId"": ""4PH1-2024-June-1-standard-ms"", ""pdfPages"": [16]}]",Required relationship/skill is explicitly listed on the reviewed Issue 4 Forces and motion pages.,agent-reviewed,Codex Astra,agent,2026-09-11
4PH1-2024-June-1-standard.Q12.c:4PH1:issue4:1.17,4PH1-2024-June-1-standard.Q12.c,4PH1:issue4:1.17,primary,current-specification,"[{""documentId"": ""4PH1-spec"", ""pdfPages"": [18]}, {""documentId"": ""4PH1-2024-June-1-standard-ms"", ""pdfPages"": [16]}]",Required relationship/skill is explicitly listed on the reviewed Issue 4 Forces and motion pages.,agent-reviewed,Codex Astra,agent,2026-09-11
4PH1-2024-June-1-standard.Q3.a:4PH1:issue4:3.13,4PH1-2024-June-1-standard.Q3.a,4PH1:issue4:3.13,primary,current-specification,"[{""documentId"": ""4PH1-spec"", ""pdfPages"": [23]}, {""documentId"": ""4PH1-2024-June-1-standard-ms"", ""pdfPages"": [6]}]",The infrared hazard bullet explicitly identifies skin burns.,agent-reviewed,Codex Astra,agent,2026-09-11
4PH1-2024-June-1-standard.Q3.b.i:4PH1:issue4:3.10,4PH1-2024-June-1-standard.Q3.b.i,4PH1:issue4:3.10,primary,current-specification,"[{""documentId"": ""4PH1-spec"", ""pdfPages"": [23]}, {""documentId"": ""4PH1-2024-June-1-standard-ms"", ""pdfPages"": [6]}]",EM membership and common free-space speed.,agent-reviewed,Codex Astra,agent,2026-09-11
4PH1-2024-June-1-standard.Q3.b.i:4PH1:issue4:3.4,4PH1-2024-June-1-standard.Q3.b.i,4PH1:issue4:3.4,supporting,current-specification,"[{""documentId"": ""4PH1-spec"", ""pdfPages"": [22]}, {""documentId"": ""4PH1-2024-June-1-standard-ms"", ""pdfPages"": [6]}]",Both waves transfer energy.,agent-reviewed,Codex Astra,agent,2026-09-11
4PH1-2024-June-1-standard.Q3.b.i:4PH1:issue4:3.9,4PH1-2024-June-1-standard.Q3.b.i,4PH1:issue4:3.9,supporting,current-specification,"[{""documentId"": ""4PH1-spec"", ""pdfPages"": [22]}, {""documentId"": ""4PH1-2024-June-1-standard-ms"", ""pdfPages"": [6]}]",Shared reflection/refraction behavior.,agent-reviewed,Codex Astra,agent,2026-09-11
4PH1-2024-June-1-standard.Q3.b.i:4PH1:issue4:3.14,4PH1-2024-June-1-standard.Q3.b.i,4PH1:issue4:3.14,supporting,current-specification,"[{""documentId"": ""4PH1-spec"", ""pdfPages"": [23]}, {""documentId"": ""4PH1-2024-June-1-standard-ms"", ""pdfPages"": [6]}]",Transverse nature of light waves.,agent-reviewed,Codex Astra,agent,2026-09-11
4PH1-2024-June-1-standard.Q3.b.ii:4PH1:issue4:3.11,4PH1-2024-June-1-standard.Q3.b.ii,4PH1:issue4:3.11,primary,current-specification,"[{""documentId"": ""4PH1-spec"", ""pdfPages"": [23]}, {""documentId"": ""4PH1-2024-June-1-standard-ms"", ""pdfPages"": [6]}]",Spectrum ordering by decreasing wavelength and increasing frequency.,agent-reviewed,Codex Astra,agent,2026-09-11
4PH1-2024-June-1-standard.Q3.c:4PH1:issue4:1.4,4PH1-2024-June-1-standard.Q3.c,4PH1:issue4:1.4,primary,current-specification,"[{""documentId"": ""4PH1-spec"", ""pdfPages"": [17]}, {""documentId"": ""4PH1-2024-June-1-standard-ms"", ""pdfPages"": [6]}]",Distance/speed/time relation applies to this constant-speed wave transit.,agent-reviewed,Codex Astra,agent,2026-09-11
4PH1-2024-June-1-standard.Q3.c:4PH1:issue4:3.10,4PH1-2024-June-1-standard.Q3.c,4PH1:issue4:3.10,supporting,current-specification,"[{""documentId"": ""4PH1-spec"", ""pdfPages"": [23]}, {""documentId"": ""4PH1-2024-June-1-standard-ms"", ""pdfPages"": [6]}]",Context is electromagnetic travel speed; numeric value is supplied.,agent-reviewed,Codex Astra,agent,2026-09-11
4PH1-2024-June-1-standard.Q3.d:4PH1:issue4:4.8,4PH1-2024-June-1-standard.Q3.d,4PH1:issue4:4.8,primary,current-specification,"[{""documentId"": ""4PH1-spec"", ""pdfPages"": [25]}, {""documentId"": ""4PH1-2024-June-1-standard-ms"", ""pdfPages"": [6]}]",Surface properties determine emission and absorption of thermal radiation.,agent-reviewed,Codex Astra,agent,2026-09-11
4PH1-2024-June-1-standard.Q3.d:4PH1:issue4:4.6,4PH1-2024-June-1-standard.Q3.d,4PH1:issue4:4.6,supporting,current-specification,"[{""documentId"": ""4PH1-spec"", ""pdfPages"": [25]}, {""documentId"": ""4PH1-2024-June-1-standard-ms"", ""pdfPages"": [6]}]",Thermal energy transfer by radiation supplies the heating context.,agent-reviewed,Codex Astra,agent,2026-09-11
4PH1-2024-June-1-standard.Q8:4PH1:issue4:3.14,4PH1-2024-June-1-standard.Q8,4PH1:issue4:3.14,supporting,current-specification,"[{""documentId"": ""4PH1-spec"", ""pdfPages"": [23]}, {""documentId"": ""4PH1-2024-June-1-standard-ms"", ""pdfPages"": [11]}]",Light can be refracted.,agent-reviewed,Codex Astra,agent,2026-09-11
4PH1-2024-June-1-standard.Q8:4PH1:issue4:3.16,4PH1-2024-June-1-standard.Q8,4PH1:issue4:3.16,primary,current-specification,"[{""documentId"": ""4PH1-spec"", ""pdfPages"": [23]}, {""documentId"": ""4PH1-2024-June-1-standard-ms"", ""pdfPages"": [11]}]",Draw ray diagrams for refraction.,agent-reviewed,Codex Astra,agent,2026-09-11
4PH1-2024-June-1-standard.Q8:4PH1:issue4:3.18,4PH1-2024-June-1-standard.Q8,4PH1:issue4:3.18,primary,current-specification,"[{""documentId"": ""4PH1-spec"", ""pdfPages"": [23]}, {""documentId"": ""4PH1-2024-June-1-standard-ms"", ""pdfPages"": [11]}]",Calculate refraction angles using refractive index.,agent-reviewed,Codex Astra,agent,2026-09-11
4PH1-2024-June-1-standard.Q8:4PH1:issue4:3.21,4PH1-2024-June-1-standard.Q8,4PH1:issue4:3.21,supporting,current-specification,"[{""documentId"": ""4PH1-spec"", ""pdfPages"": [23]}, {""documentId"": ""4PH1-2024-June-1-standard-ms"", ""pdfPages"": [11]}]",Critical-angle reasoning must respect the direction of travel; no critical-angle calculation is needed here.,agent-reviewed,Codex Astra,agent,2026-09-11
4PH1-2024-June-1-standard.Q7.a:4PH1:issue4:2.7,4PH1-2024-June-1-standard.Q7.a,4PH1:issue4:2.7,primary,current-specification,"[{""documentId"": ""4PH1-spec"", ""pdfPages"": [20]}, {""documentId"": ""4PH1-2024-June-1-standard-ms"", ""pdfPages"": [10]}]",Parallel domestic lighting; source task 7.a.,agent-reviewed,Codex Astra,agent,2026-09-11
4PH1-2024-June-1-standard.Q7.a:4PH1:issue4:2.18,4PH1-2024-June-1-standard.Q7.a,4PH1:issue4:2.18,supporting,current-specification,"[{""documentId"": ""4PH1-spec"", ""pdfPages"": [21]}, {""documentId"": ""4PH1-2024-June-1-standard-ms"", ""pdfPages"": [10]}]",Parallel domestic lighting; source task 7.a.,agent-reviewed,Codex Astra,agent,2026-09-11
4PH1-2024-June-1-standard.Q7.b.i:4PH1:issue4:2.16,4PH1-2024-June-1-standard.Q7.b.i,4PH1:issue4:2.16,primary,current-specification,"[{""documentId"": ""4PH1-spec"", ""pdfPages"": [21]}, {""documentId"": ""4PH1-2024-June-1-standard-ms"", ""pdfPages"": [10]}]",Charge carriers in a metallic circuit; source task 7.b.i.,agent-reviewed,Codex Astra,agent,2026-09-11
4PH1-2024-June-1-standard.Q7.b.ii:4PH1:issue4:2.4,4PH1-2024-June-1-standard.Q7.b.ii,4PH1:issue4:2.4,primary,current-specification,"[{""documentId"": ""4PH1-spec"", ""pdfPages"": [20]}, {""documentId"": ""4PH1-2024-June-1-standard-ms"", ""pdfPages"": [10]}]",P = IV; mA conversion; significant figures; source task 7.b.ii.,agent-reviewed,Codex Astra,agent,2026-09-11
4PH1-2024-June-1-standard.Q7.b.ii:4PH1:issue4:2.1,4PH1-2024-June-1-standard.Q7.b.ii,4PH1:issue4:2.1,supporting,current-specification,"[{""documentId"": ""4PH1-spec"", ""pdfPages"": [20]}, {""documentId"": ""4PH1-2024-June-1-standard-ms"", ""pdfPages"": [10]}]",P = IV; mA conversion; significant figures; source task 7.b.ii.,agent-reviewed,Codex Astra,agent,2026-09-11
4PH1-2024-June-1-standard.Q7.b.iii:4PH1:issue4:2.5,4PH1-2024-June-1-standard.Q7.b.iii,4PH1:issue4:2.5,primary,current-specification,"[{""documentId"": ""4PH1-spec"", ""pdfPages"": [20]}, {""documentId"": ""4PH1-2024-June-1-standard-ms"", ""pdfPages"": [10]}]",P = E/t; electrical energy; earlier-answer dependency; source task 7.b.iii.,agent-reviewed,Codex Astra,agent,2026-09-11
4PH1-2024-June-1-standard.Q7.b.iii:4PH1:issue4:4.17,4PH1-2024-June-1-standard.Q7.b.iii,4PH1:issue4:4.17,supporting,current-specification,"[{""documentId"": ""4PH1-spec"", ""pdfPages"": [26]}, {""documentId"": ""4PH1-2024-June-1-standard-ms"", ""pdfPages"": [10]}]",P = E/t; electrical energy; earlier-answer dependency; source task 7.b.iii.,agent-reviewed,Codex Astra,agent,2026-09-11
4PH1-2024-June-1-standard.Q7.c.i:4PH1:issue4:2.20,4PH1-2024-June-1-standard.Q7.c.i,4PH1:issue4:2.20,primary,current-specification,"[{""documentId"": ""4PH1-spec"", ""pdfPages"": [21]}, {""documentId"": ""4PH1-2024-June-1-standard-ms"", ""pdfPages"": [10]}]",Voltage as energy per charge; source task 7.c.i.,agent-reviewed,Codex Astra,agent,2026-09-11
4PH1-2024-June-1-standard.Q7.c.ii:4PH1:issue4:2.17,4PH1-2024-June-1-standard.Q7.c.ii,4PH1:issue4:2.17,primary,current-specification,"[{""documentId"": ""4PH1-spec"", ""pdfPages"": [21]}, {""documentId"": ""4PH1-2024-June-1-standard-ms"", ""pdfPages"": [10]}]",Current conservation; open branches; source task 7.c.ii.,agent-reviewed,Codex Astra,agent,2026-09-11
4PH1-2024-June-1-standard.Q7.c.ii:4PH1:issue4:2.7,4PH1-2024-June-1-standard.Q7.c.ii,4PH1:issue4:2.7,supporting,current-specification,"[{""documentId"": ""4PH1-spec"", ""pdfPages"": [20]}, {""documentId"": ""4PH1-2024-June-1-standard-ms"", ""pdfPages"": [10]}]",Current conservation; open branches; source task 7.c.ii.,agent-reviewed,Codex Astra,agent,2026-09-11
4PH1-2024-June-1-standard.Q6.a:4PH1:issue4:6.4,4PH1-2024-June-1-standard.Q6.a,4PH1:issue4:6.4,primary,current-specification,"[{""documentId"": ""4PH1-spec"", ""pdfPages"": [29]}, {""documentId"": ""4PH1-2024-June-1-standard-ms"", ""pdfPages"": [9]}]",Interpret and mark field-line direction at a south pole.,agent-reviewed,Codex Astra,agent,2026-09-11
4PH1-2024-June-1-standard.Q6.b:4PH1:issue4:6.2,4PH1-2024-June-1-standard.Q6.b,4PH1:issue4:6.2,primary,current-specification,"[{""documentId"": ""4PH1-spec"", ""pdfPages"": [29]}, {""documentId"": ""4PH1-2024-June-1-standard-ms"", ""pdfPages"": [9]}]",Recognise a substance attracted to a magnet.,agent-reviewed,Codex Astra,agent,2026-09-11
4PH1-2024-June-1-standard.Q6.c:4PH1:issue4:6.4,4PH1-2024-June-1-standard.Q6.c,4PH1:issue4:6.4,primary,current-specification,"[{""documentId"": ""4PH1-spec"", ""pdfPages"": [29]}, {""documentId"": ""4PH1-2024-June-1-standard-ms"", ""pdfPages"": [9]}]",Read relative field strength from the supplied field-line pattern.,agent-reviewed,Codex Astra,agent,2026-09-11
4PH1-2024-June-1-standard.Q6.d.i:4PH1:issue4:6.5,4PH1-2024-June-1-standard.Q6.d.i,4PH1:issue4:6.5,primary,current-specification,"[{""documentId"": ""4PH1-spec"", ""pdfPages"": [29]}, {""documentId"": ""4PH1-2024-June-1-standard-ms"", ""pdfPages"": [9]}]",Identify the polarity induced by the external magnet.,agent-reviewed,Codex Astra,agent,2026-09-11
4PH1-2024-June-1-standard.Q6.d.i:4PH1:issue4:6.2,4PH1-2024-June-1-standard.Q6.d.i,4PH1:issue4:6.2,supporting,current-specification,"[{""documentId"": ""4PH1-spec"", ""pdfPages"": [29]}, {""documentId"": ""4PH1-2024-June-1-standard-ms"", ""pdfPages"": [9]}]",Explain the resulting attraction of unlike poles.,agent-reviewed,Codex Astra,agent,2026-09-11
4PH1-2024-June-1-standard.Q6.d.ii:4PH1:issue4:6.3,4PH1-2024-June-1-standard.Q6.d.ii,4PH1:issue4:6.3,primary,current-specification,"[{""documentId"": ""4PH1-spec"", ""pdfPages"": [29]}, {""documentId"": ""4PH1-2024-June-1-standard-ms"", ""pdfPages"": [9]}]",Use the behaviour of a magnetically soft material.,agent-reviewed,Codex Astra,agent,2026-09-11
4PH1-2024-June-1-standard.Q6.d.ii:4PH1:issue4:6.5,4PH1-2024-June-1-standard.Q6.d.ii,4PH1:issue4:6.5,supporting,current-specification,"[{""documentId"": ""4PH1-spec"", ""pdfPages"": [29]}, {""documentId"": ""4PH1-2024-June-1-standard-ms"", ""pdfPages"": [9]}]",Relate removal of the external field to the induced magnetism.,agent-reviewed,Codex Astra,agent,2026-09-11
4PH1-2024-June-1-standard.Q1.a.i:4PH1:issue4:8.4,4PH1-2024-June-1-standard.Q1.a.i,4PH1:issue4:8.4,primary,current-specification,"[{""documentId"": ""4PH1-spec"", ""pdfPages"": [33]}, {""documentId"": ""4PH1-2024-June-1-standard-ms"", ""pdfPages"": [4]}]",Represent the Moon orbiting Earth.,agent-reviewed,Codex Astra,agent,2026-09-11
4PH1-2024-June-1-standard.Q1.a.i:4PH1:issue4:8.5,4PH1-2024-June-1-standard.Q1.a.i,4PH1:issue4:8.5,supporting,current-specification,"[{""documentId"": ""4PH1-spec"", ""pdfPages"": [33]}, {""documentId"": ""4PH1-2024-June-1-standard-ms"", ""pdfPages"": [4]}]",Use the intended approximately circular lunar orbit.,agent-reviewed,Codex Astra,agent,2026-09-11
4PH1-2024-June-1-standard.Q1.a.ii:4PH1:issue4:8.4,4PH1-2024-June-1-standard.Q1.a.ii,4PH1:issue4:8.4,primary,current-specification,"[{""documentId"": ""4PH1-spec"", ""pdfPages"": [33]}, {""documentId"": ""4PH1-2024-June-1-standard-ms"", ""pdfPages"": [4]}]",Identify gravitational force as the orbital interaction.,agent-reviewed,Codex Astra,agent,2026-09-11
4PH1-2024-June-1-standard.Q1.a.iii:4PH1:issue4:8.4,4PH1-2024-June-1-standard.Q1.a.iii,4PH1:issue4:8.4,primary,current-specification,"[{""documentId"": ""4PH1-spec"", ""pdfPages"": [33]}, {""documentId"": ""4PH1-2024-June-1-standard-ms"", ""pdfPages"": [4]}]",Recognise artificial satellites in Earth orbit.,agent-reviewed,Codex Astra,agent,2026-09-11
4PH1-2024-June-1-standard.Q1.b:4PH1:issue4:8.5,4PH1-2024-June-1-standard.Q1.b,4PH1:issue4:8.5,primary,current-specification,"[{""documentId"": ""4PH1-spec"", ""pdfPages"": [33]}, {""documentId"": ""4PH1-2024-June-1-standard-ms"", ""pdfPages"": [4]}]",Contrast the orbit shapes and corresponding motion in the intended school model.,agent-reviewed,Codex Astra,agent,2026-09-11
4PH1-2024-June-1-standard.Q2.a:4PH1:issue4:7.3,4PH1-2024-June-1-standard.Q2.a,4PH1:issue4:7.3,primary,current-specification,"[{""documentId"": ""4PH1-spec"", ""pdfPages"": [31]}, {""documentId"": ""4PH1-2024-June-1-standard-ms"", ""pdfPages"": [5]}]",Distinguish isotopes of the same element.,agent-reviewed,Codex Astra,agent,2026-09-11
4PH1-2024-June-1-standard.Q2.a:4PH1:issue4:7.2,4PH1-2024-June-1-standard.Q2.a,4PH1:issue4:7.2,supporting,current-specification,"[{""documentId"": ""4PH1-spec"", ""pdfPages"": [31]}, {""documentId"": ""4PH1-2024-June-1-standard-ms"", ""pdfPages"": [5]}]",Interpret nuclear particle counts.,agent-reviewed,Codex Astra,agent,2026-09-11
4PH1-2024-June-1-standard.Q2.b:4PH1:issue4:7.5,4PH1-2024-June-1-standard.Q2.b,4PH1:issue4:7.5,primary,current-specification,"[{""documentId"": ""4PH1-spec"", ""pdfPages"": [31]}, {""documentId"": ""4PH1-2024-June-1-standard-ms"", ""pdfPages"": [5]}]",Identify the nature of beta-minus radiation.,agent-reviewed,Codex Astra,agent,2026-09-11
4PH1-2024-June-1-standard.Q2.c:4PH1:issue4:7.7,4PH1-2024-June-1-standard.Q2.c,4PH1:issue4:7.7,primary,current-specification,"[{""documentId"": ""4PH1-spec"", ""pdfPages"": [31]}, {""documentId"": ""4PH1-2024-June-1-standard-ms"", ""pdfPages"": [5]}]",Track the mass/proton-number signature of neutron emission.,agent-reviewed,Codex Astra,agent,2026-09-11
4PH1-2024-June-1-standard.Q2.d:4PH1:issue4:7.2,4PH1-2024-June-1-standard.Q2.d,4PH1:issue4:7.2,primary,current-specification,"[{""documentId"": ""4PH1-spec"", ""pdfPages"": [31]}, {""documentId"": ""4PH1-2024-June-1-standard-ms"", ""pdfPages"": [5]}]",Interpret proton number and electron count in an atomic/ionic model.,agent-reviewed,Codex Astra,agent,2026-09-11
4PH1-2024-June-1-standard.Q2.e:4PH1:issue4:7.13,4PH1-2024-June-1-standard.Q2.e,4PH1:issue4:7.13,primary,current-specification,"[{""documentId"": ""4PH1-spec"", ""pdfPages"": [31]}, {""documentId"": ""4PH1-2024-June-1-standard-ms"", ""pdfPages"": [5]}]",Calculate activity after two half-lives.,agent-reviewed,Codex Astra,agent,2026-09-11
4PH1-2024-June-1-standard.Q2.e:4PH1:issue4:7.12,4PH1-2024-June-1-standard.Q2.e,4PH1:issue4:7.12,supporting,current-specification,"[{""documentId"": ""4PH1-spec"", ""pdfPages"": [31]}, {""documentId"": ""4PH1-2024-June-1-standard-ms"", ""pdfPages"": [5]}]",Interpret the stated half-life.,agent-reviewed,Codex Astra,agent,2026-09-11
4PH1-2024-June-1-standard.Q9.a:4PH1:issue4:5.6,4PH1-2024-June-1-standard.Q9.a,4PH1:issue4:5.6,primary,current-specification,"[{""documentId"": ""4PH1-spec"", ""pdfPages"": [27]}, {""documentId"": ""4PH1-2024-June-1-standard-ms"", ""pdfPages"": [12]}]",Contextual application of static-fluid pressure to the air admitted before sealing; the task does not demand a molecular explanation.,agent-reviewed,Codex Astra,agent,2026-09-11
4PH1-2024-June-1-standard.Q9.b:4PH1:issue4:5.5,4PH1-2024-June-1-standard.Q9.b,4PH1:issue4:5.5,primary,current-specification,"[{""documentId"": ""4PH1-spec"", ""pdfPages"": [27]}, {""documentId"": ""4PH1-2024-June-1-standard-ms"", ""pdfPages"": [12]}]",Relate pressure imbalance to force on the bottle surface.,agent-reviewed,Codex Astra,agent,2026-09-11
4PH1-2024-June-1-standard.Q9.b:4PH1:issue4:5.20,4PH1-2024-June-1-standard.Q9.b,4PH1:issue4:5.20,supporting,current-specification,"[{""documentId"": ""4PH1-spec"", ""pdfPages"": [28]}, {""documentId"": ""4PH1-2024-June-1-standard-ms"", ""pdfPages"": [12]}]","Explain pressure increase during gas compression qualitatively, with model conditions explicit in future teaching.",agent-reviewed,Codex Astra,agent,2026-09-11
4PH1-2024-June-1-standard.Q9.c:4PH1:issue4:5.15,4PH1-2024-June-1-standard.Q9.c,4PH1:issue4:5.15,primary,current-specification,"[{""documentId"": ""4PH1-spec"", ""pdfPages"": [28]}, {""documentId"": ""4PH1-2024-June-1-standard-ms"", ""pdfPages"": [12]}]",Explain random gas motion and molecular force on container walls.,agent-reviewed,Codex Astra,agent,2026-09-11
4PH1-2024-June-1-standard.Q9.c:4PH1:issue4:5.5,4PH1-2024-June-1-standard.Q9.c,4PH1:issue4:5.5,supporting,current-specification,"[{""documentId"": ""4PH1-spec"", ""pdfPages"": [27]}, {""documentId"": ""4PH1-2024-June-1-standard-ms"", ""pdfPages"": [12]}]",Relate force on a surface to pressure per unit area.,agent-reviewed,Codex Astra,agent,2026-09-11
4PH1-2024-June-1-standard.Q4.a:4PH1:issue4:8.9,4PH1-2024-June-1-standard.Q4.a,4PH1:issue4:8.9,primary,current-specification,"[{""documentId"": ""4PH1-spec"", ""pdfPages"": [34]}, {""documentId"": ""4PH1-2024-June-1-standard-ms"", ""pdfPages"": [7]}]",Nebula collapse is the early Sun-like evolution stage.,agent-reviewed,Codex Astra,agent,2026-09-11
4PH1-2024-June-1-standard.Q4.a:4PH1:issue4:4.2,4PH1-2024-June-1-standard.Q4.a,4PH1:issue4:4.2,supporting,current-specification,"[{""documentId"": ""4PH1-spec"", ""pdfPages"": [25]}, {""documentId"": ""4PH1-2024-June-1-standard-ms"", ""pdfPages"": [7]}]",Compare energy stores during collapse.,agent-reviewed,Codex Astra,agent,2026-09-11
4PH1-2024-June-1-standard.Q4.b:4PH1:issue4:8.10,4PH1-2024-June-1-standard.Q4.b,4PH1:issue4:8.10,primary,current-specification,"[{""documentId"": ""4PH1-spec"", ""pdfPages"": [34]}, {""documentId"": ""4PH1-2024-June-1-standard-ms"", ""pdfPages"": [7]}]",Evolution of more massive stars is distinguished by mass.,agent-reviewed,Codex Astra,agent,2026-09-11
4PH1-2024-June-1-standard.Q4.b:4PH1:issue4:8.9,4PH1-2024-June-1-standard.Q4.b,4PH1:issue4:8.9,supporting,current-specification,"[{""documentId"": ""4PH1-spec"", ""pdfPages"": [34]}, {""documentId"": ""4PH1-2024-June-1-standard-ms"", ""pdfPages"": [7]}]",Contrast the Sun-like evolution route.,agent-reviewed,Codex Astra,agent,2026-09-11
4PH1-2024-June-1-standard.Q4.c:4PH1:issue4:8.9,4PH1-2024-June-1-standard.Q4.c,4PH1:issue4:8.9,primary,current-specification,"[{""documentId"": ""4PH1-spec"", ""pdfPages"": [34]}, {""documentId"": ""4PH1-2024-June-1-standard-ms"", ""pdfPages"": [7]}]",Evolution links the red-giant and white-dwarf stages.,agent-reviewed,Codex Astra,agent,2026-09-11
4PH1-2024-June-1-standard.Q4.c:4PH1:issue4:8.8,4PH1-2024-June-1-standard.Q4.c,4PH1:issue4:8.8,supporting,current-specification,"[{""documentId"": ""4PH1-spec"", ""pdfPages"": [34]}, {""documentId"": ""4PH1-2024-June-1-standard-ms"", ""pdfPages"": [7]}]",Surface-temperature comparison is one permitted answer.,agent-reviewed,Codex Astra,agent,2026-09-11
4PH1-2024-June-1-standard.Q10.a:4PH1:issue4:1.18,4PH1-2024-June-1-standard.Q10.a,4PH1:issue4:1.18,primary,current-specification,"[{""documentId"": ""4PH1-spec"", ""pdfPages"": [18]}, {""documentId"": ""4PH1-2024-June-1-standard-ms"", ""pdfPages"": [13]}]",Use the weight–mass–field-strength relation.,agent-reviewed,Codex Astra,agent,2026-09-11
4PH1-2024-June-1-standard.Q10.a:4PH1:issue4:1.1,4PH1-2024-June-1-standard.Q10.a,4PH1:issue4:1.1,supporting,current-specification,"[{""documentId"": ""4PH1-spec"", ""pdfPages"": [17]}, {""documentId"": ""4PH1-2024-June-1-standard-ms"", ""pdfPages"": [13]}]",Convert the given mass to kilograms.,agent-reviewed,Codex Astra,agent,2026-09-11
4PH1-2024-June-1-standard.Q10.b.i:4PH1:issue4:1.11,4PH1-2024-June-1-standard.Q10.b.i,4PH1:issue4:1.11,supporting,current-specification,"[{""documentId"": ""4PH1-spec"", ""pdfPages"": [18]}, {""documentId"": ""4PH1-2024-June-1-standard-ms"", ""pdfPages"": [13]}]","The experiment concerns force changing a strip's shape. This is contextual support only, not a claim that the numbered point enumerates the assessed investigation/graph skill.",agent-reviewed,Codex Astra,agent,2026-09-11
4PH1-2024-June-1-standard.Q10.b.ii:4PH1:issue4:1.11,4PH1-2024-June-1-standard.Q10.b.ii,4PH1:issue4:1.11,supporting,current-specification,"[{""documentId"": ""4PH1-spec"", ""pdfPages"": [18]}, {""documentId"": ""4PH1-2024-June-1-standard-ms"", ""pdfPages"": [13]}]","The experiment concerns force changing a strip's shape. This is contextual support only, not a claim that the numbered point enumerates the assessed investigation/graph skill.",agent-reviewed,Codex Astra,agent,2026-09-11
4PH1-2024-June-1-standard.Q10.b.iii:4PH1:issue4:1.11,4PH1-2024-June-1-standard.Q10.b.iii,4PH1:issue4:1.11,supporting,current-specification,"[{""documentId"": ""4PH1-spec"", ""pdfPages"": [18]}, {""documentId"": ""4PH1-2024-June-1-standard-ms"", ""pdfPages"": [13]}]","The experiment concerns force changing a strip's shape. This is contextual support only, not a claim that the numbered point enumerates the assessed investigation/graph skill.",agent-reviewed,Codex Astra,agent,2026-09-11
4PH1-2024-June-1-standard.Q10.c.i:4PH1:issue4:1.11,4PH1-2024-June-1-standard.Q10.c.i,4PH1:issue4:1.11,supporting,current-specification,"[{""documentId"": ""4PH1-spec"", ""pdfPages"": [18]}, {""documentId"": ""4PH1-2024-June-1-standard-ms"", ""pdfPages"": [14]}]","The experiment concerns force changing a strip's shape. This is contextual support only, not a claim that the numbered point enumerates the assessed investigation/graph skill.",agent-reviewed,Codex Astra,agent,2026-09-11
4PH1-2024-June-1-standard.Q10.c.ii:4PH1:issue4:1.11,4PH1-2024-June-1-standard.Q10.c.ii,4PH1:issue4:1.11,supporting,current-specification,"[{""documentId"": ""4PH1-spec"", ""pdfPages"": [18]}, {""documentId"": ""4PH1-2024-June-1-standard-ms"", ""pdfPages"": [14]}]","The experiment concerns force changing a strip's shape. This is contextual support only, not a claim that the numbered point enumerates the assessed investigation/graph skill.",agent-reviewed,Codex Astra,agent,2026-09-11
4PH1-2024-June-1-standard.Q10.c.iii:4PH1:issue4:1.11,4PH1-2024-June-1-standard.Q10.c.iii,4PH1:issue4:1.11,supporting,current-specification,"[{""documentId"": ""4PH1-spec"", ""pdfPages"": [18]}, {""documentId"": ""4PH1-2024-June-1-standard-ms"", ""pdfPages"": [14]}]","The experiment concerns force changing a strip's shape. This is contextual support only, not a claim that the numbered point enumerates the assessed investigation/graph skill.",agent-reviewed,Codex Astra,agent,2026-09-11
4PH1-2024-June-1-standard.Q10.c.iv:4PH1:issue4:1.11,4PH1-2024-June-1-standard.Q10.c.iv,4PH1:issue4:1.11,supporting,current-specification,"[{""documentId"": ""4PH1-spec"", ""pdfPages"": [18]}, {""documentId"": ""4PH1-2024-June-1-standard-ms"", ""pdfPages"": [14]}]","The experiment concerns force changing a strip's shape. This is contextual support only, not a claim that the numbered point enumerates the assessed investigation/graph skill.",agent-reviewed,Codex Astra,agent,2026-09-11
4PH1-2024-June-1-standard.Q11.a:4PH1:issue4:2.15,4PH1-2024-June-1-standard.Q11.a,4PH1:issue4:2.15,primary,current-specification,"[{""documentId"": ""4PH1-spec"", ""pdfPages"": [21]}, {""documentId"": ""4PH1-2024-June-1-standard-ms"", ""pdfPages"": [15]}]",Use Q=It.,agent-reviewed,Codex Astra,agent,2026-09-11
4PH1-2024-June-1-standard.Q11.a:4PH1:issue4:2.1,4PH1-2024-June-1-standard.Q11.a,4PH1:issue4:2.1,supporting,current-specification,"[{""documentId"": ""4PH1-spec"", ""pdfPages"": [20]}, {""documentId"": ""4PH1-2024-June-1-standard-ms"", ""pdfPages"": [15]}]",Use seconds and coulombs.,agent-reviewed,Codex Astra,agent,2026-09-11
4PH1-2024-June-1-standard.Q11.b.i:4PH1:issue4:2.15,4PH1-2024-June-1-standard.Q11.b.i,4PH1:issue4:2.15,primary,current-specification,"[{""documentId"": ""4PH1-spec"", ""pdfPages"": [21]}, {""documentId"": ""4PH1-2024-June-1-standard-ms"", ""pdfPages"": [15]}]",Rearrange Q=It for time.,agent-reviewed,Codex Astra,agent,2026-09-11
4PH1-2024-June-1-standard.Q11.b.i:4PH1:issue4:2.1,4PH1-2024-June-1-standard.Q11.b.i,4PH1:issue4:2.1,supporting,current-specification,"[{""documentId"": ""4PH1-spec"", ""pdfPages"": [20]}, {""documentId"": ""4PH1-2024-June-1-standard-ms"", ""pdfPages"": [15]}]",Convert time units after evaluation.,agent-reviewed,Codex Astra,agent,2026-09-11
4PH1-2024-June-1-standard.Q11.b.ii:4PH1:issue4:2.10,4PH1-2024-June-1-standard.Q11.b.ii,4PH1:issue4:2.10,primary,current-specification,"[{""documentId"": ""4PH1-spec"", ""pdfPages"": [21]}, {""documentId"": ""4PH1-2024-June-1-standard-ms"", ""pdfPages"": [15]}]",Qualitative effect of resistance on current.,agent-reviewed,Codex Astra,agent,2026-09-11
4PH1-2024-June-1-standard.Q11.b.ii:4PH1:issue4:2.15,4PH1-2024-June-1-standard.Q11.b.ii,4PH1:issue4:2.15,supporting,current-specification,"[{""documentId"": ""4PH1-spec"", ""pdfPages"": [21]}, {""documentId"": ""4PH1-2024-June-1-standard-ms"", ""pdfPages"": [15]}]","At fixed charge, reduced current increases charging time.",agent-reviewed,Codex Astra,agent,2026-09-11
4PH1-2024-June-1-standard.Q11.c:4PH1:issue4:2.15,4PH1-2024-June-1-standard.Q11.c,4PH1:issue4:2.15,primary,current-specification,"[{""documentId"": ""4PH1-spec"", ""pdfPages"": [21]}, {""documentId"": ""4PH1-2024-June-1-standard-ms"", ""pdfPages"": [15]}]",Use current-time charge units to total the provided recharge budget.,agent-reviewed,Codex Astra,agent,2026-09-11
4PH1-2024-June-1-standard.Q11.c:4PH1:issue4:2.14,4PH1-2024-June-1-standard.Q11.c,4PH1:issue4:2.14,supporting,current-specification,"[{""documentId"": ""4PH1-spec"", ""pdfPages"": [21]}, {""documentId"": ""4PH1-2024-June-1-standard-ms"", ""pdfPages"": [15]}]",The source defines Ah via charge transferred by current over time.,agent-reviewed,Codex Astra,agent,2026-09-11
4MB1-2024-summer-01-candidate.Q15.a:4MB1:issue1:3C,4MB1-2024-summer-01-candidate.Q15.a,4MB1:issue1:3C,primary,current-specification,"[{""documentId"":""4MB1-spec"",""pdfPages"":[20]},{""documentId"":""4MB1-2024-summer-01-candidate-ms"",""pdfPages"":[14]}]","Factorise the source expression; the verified Algebra row 3C explicitly covers simple algebraic factorisation. Mapping is to the obtained Issue 1 specification, not a completed series-amendment audit.",agent-reviewed,Codex,agent,2026-10-01
4MB1-2024-summer-01-candidate.Q15.b:4MB1:issue1:3C,4MB1-2024-summer-01-candidate.Q15.b,4MB1:issue1:3C,primary,current-specification,"[{""documentId"":""4MB1-spec"",""pdfPages"":[20]},{""documentId"":""4MB1-2024-summer-01-candidate-ms"",""pdfPages"":[14]}]","Factorise the source expression; the verified Algebra row 3C explicitly covers simple algebraic factorisation. Mapping is to the obtained Issue 1 specification, not a completed series-amendment audit.",agent-reviewed,Codex,agent,2026-10-01
4MB1-2024-summer-01-candidate.Q16:4MB1:issue1:1H,4MB1-2024-summer-01-candidate.Q16,4MB1:issue1:1H,primary,current-specification,"[{""documentId"":""4MB1-spec"",""pdfPages"":[18]},{""documentId"":""4MB1-2024-summer-01-candidate-ms"",""pdfPages"":[15]}]","Number row 1H explicitly includes four operations with fractions and converting fractional representations. Mapping is to the obtained Issue 1 document, not a completed target-series amendment audit.",agent-reviewed,Codex,agent,2026-10-01
4MB1-2024-summer-01-candidate.Q16:4MB1:issue1:1A,4MB1-2024-summer-01-candidate.Q16,4MB1:issue1:1A,supporting,current-specification,"[{""documentId"":""4MB1-spec"",""pdfPages"":[17]},{""documentId"":""4MB1-2024-summer-01-candidate-ms"",""pdfPages"":[15]}]","Number row 1A covers combined operations and brackets; the product is evaluated before the outer addition. Mapping is to the obtained Issue 1 document, not a completed target-series amendment audit.",agent-reviewed,Codex,agent,2026-10-01
4MB1-2024-summer-01-candidate.Q17:4MB1:issue1:10B,4MB1-2024-summer-01-candidate.Q17,4MB1:issue1:10B,primary,current-specification,"[{""documentId"":""4MB1-spec"",""pdfPages"":[28]},{""documentId"":""4MB1-2024-summer-01-candidate-ms"",""pdfPages"":[16]}]",The task uses a discrete arithmetic mean to recover and separate totals. The grouped-data row 10C is not used: no grouped-frequency estimate is involved.,agent-reviewed,Codex,agent,2026-10-01
4MB1-2024-summer-01-candidate.Q17:4MB1:issue1:1A,4MB1-2024-summer-01-candidate.Q17,4MB1:issue1:1A,supporting,current-specification,"[{""documentId"":""4MB1-spec"",""pdfPages"":[17]},{""documentId"":""4MB1-2024-summer-01-candidate-ms"",""pdfPages"":[16]}]","Multiplication, subtraction and division implement the mean-and-total calculation.",agent-reviewed,Codex,agent,2026-10-01
4MB1-2024-summer-01-candidate.Q18:4MB1:issue1:6C,4MB1-2024-summer-01-candidate.Q18,4MB1:issue1:6C,primary,current-specification,"[{""documentId"":""4MB1-spec"",""pdfPages"":[24]},{""documentId"":""4MB1-2024-summer-01-candidate-ms"",""pdfPages"":[17]}]",The source explicitly includes regular polygon angle properties; the task links an interior/exterior pair and the exterior-angle sum.,agent-reviewed,Codex,agent,2026-10-01
4MB1-2024-summer-01-candidate.Q18:4MB1:issue1:3G,4MB1-2024-summer-01-candidate.Q18,4MB1:issue1:3G,supporting,current-specification,"[{""documentId"":""4MB1-spec"",""pdfPages"":[20]},{""documentId"":""4MB1-2024-summer-01-candidate-ms"",""pdfPages"":[17]}]",Solve the first-degree equation in x created by the angle relationship.,agent-reviewed,Codex,agent,2026-10-01
4MB1-2024-summer-01-candidate.Q19:4MB1:issue1:4G,4MB1-2024-summer-01-candidate.Q19,4MB1:issue1:4G,primary,unresolved-specification-scope,"[{""documentId"":""4MB1-spec"",""pdfPages"":[21]},{""documentId"":""4MB1-2024-summer-01-candidate-ms"",""pdfPages"":[18]}]","Related variation row verified, but its explicitly limited list includes direct/inverse x, x², x³ and square roots, not cube roots. The source task explicitly asks inverse cube-root variation. Applicability to the obtained issue remains unresolved; do not silently expand this row.",agent-reviewed,Codex,agent,2026-10-01
4MB1-2024-summer-01-candidate.Q19:4MB1:issue1:1C,4MB1-2024-summer-01-candidate.Q19,4MB1:issue1:1C,supporting,current-specification,"[{""documentId"":""4MB1-spec"",""pdfPages"":[17]},{""documentId"":""4MB1-2024-summer-01-candidate-ms"",""pdfPages"":[18]}]","The source task also requires evaluating cube roots, within Number indices/powers/roots.",agent-reviewed,Codex,agent,2026-10-01
4MB1-2024-summer-01-candidate.Q20:4MB1:issue1:1E,4MB1-2024-summer-01-candidate.Q20,4MB1:issue1:1E,primary,current-specification,"[{""documentId"":""4MB1-spec"",""pdfPages"":[17]},{""documentId"":""4MB1-2024-summer-01-candidate-ms"",""pdfPages"":[18]}]",The denominator is rationalised using a conjugate.,agent-reviewed,Codex,agent,2026-10-01
4MB1-2024-summer-01-candidate.Q20:4MB1:issue1:1D,4MB1-2024-summer-01-candidate.Q20,4MB1:issue1:1D,supporting,current-specification,"[{""documentId"":""4MB1-spec"",""pdfPages"":[17]},{""documentId"":""4MB1-2024-summer-01-candidate-ms"",""pdfPages"":[18]}]",Simplify and combine surds and square the numerator.,agent-reviewed,Codex,agent,2026-10-01
4MB1-2024-summer-01-candidate.Q21:4MB1:issue1:1J,4MB1-2024-summer-01-candidate.Q21,4MB1:issue1:1J,primary,current-specification,"[{""documentId"":""4MB1-spec"",""pdfPages"":[18]},{""documentId"":""4MB1-2024-summer-01-candidate-ms"",""pdfPages"":[19]}]",Apply upper and lower bounds to positive quotients and their difference.,agent-reviewed,Codex,agent,2026-10-01
4MB1-2024-summer-01-candidate.Q21:4MB1:issue1:1G,4MB1-2024-summer-01-candidate.Q21,4MB1:issue1:1G,supporting,current-specification,"[{""documentId"":""4MB1-spec"",""pdfPages"":[17]},{""documentId"":""4MB1-2024-summer-01-candidate-ms"",""pdfPages"":[19]}]","Use distance, average speed and elapsed time in standard units.",agent-reviewed,Codex,agent,2026-10-01
4MB1-2024-summer-01-candidate.Q21:4MB1:issue1:1I,4MB1-2024-summer-01-candidate.Q21,4MB1:issue1:1I,supporting,current-specification,"[{""documentId"":""4MB1-spec"",""pdfPages"":[18]},{""documentId"":""4MB1-2024-summer-01-candidate-ms"",""pdfPages"":[19]}]",Interpret significant-figure rounding and present the requested decimal-place accuracy.,agent-reviewed,Codex,agent,2026-10-01
4MB1-2024-summer-01-candidate.Q22:4MB1:issue1:3F,4MB1-2024-summer-01-candidate.Q22,4MB1:issue1:3F,primary,current-specification,"[{""documentId"":""4MB1-spec"",""pdfPages"":[20]},{""documentId"":""4MB1-2024-summer-01-candidate-ms"",""pdfPages"":[20]}]","Subtract, divide and simplify rational expressions with linear and quadratic denominators.",agent-reviewed,Codex,agent,2026-10-01
4MB1-2024-summer-01-candidate.Q22:4MB1:issue1:3C,4MB1-2024-summer-01-candidate.Q22,4MB1:issue1:3C,supporting,current-specification,"[{""documentId"":""4MB1-spec"",""pdfPages"":[20]},{""documentId"":""4MB1-2024-summer-01-candidate-ms"",""pdfPages"":[20]}]",Factorise the quadratic denominator and linear expressions to expose cancellation.,agent-reviewed,Codex,agent,2026-10-01
4MB1-2024-summer-01-candidate.Q1.a:4MB1:issue1:1I,4MB1-2024-summer-01-candidate.Q1.a,4MB1:issue1:1I,primary,current-specification,"[{""documentId"":""4MB1-spec"",""pdfPages"":[18]},{""documentId"":""4MB1-2024-summer-01-candidate-ms"",""pdfPages"":[6]}]",Round a numerical value to the stated degree of accuracy.,agent-reviewed,Codex,agent,2026-10-01
4MB1-2024-summer-01-candidate.Q1.b:4MB1:issue1:1I,4MB1-2024-summer-01-candidate.Q1.b,4MB1:issue1:1I,primary,current-specification,"[{""documentId"":""4MB1-spec"",""pdfPages"":[18]},{""documentId"":""4MB1-2024-summer-01-candidate-ms"",""pdfPages"":[6]}]",Round a decimal to the stated number of decimal places.,agent-reviewed,Codex,agent,2026-10-01
4MB1-2024-summer-01-candidate.Q2:4MB1:issue1:3B,4MB1-2024-summer-01-candidate.Q2,4MB1:issue1:3B,primary,current-specification,"[{""documentId"":""4MB1-spec"",""pdfPages"":[20]},{""documentId"":""4MB1-2024-summer-01-candidate-ms"",""pdfPages"":[6]}]",Substitution into a given algebraic formula/expression.,agent-reviewed,Codex,agent,2026-10-01
4MB1-2024-summer-01-candidate.Q2:4MB1:issue1:1A,4MB1-2024-summer-01-candidate.Q2,4MB1:issue1:1A,supporting,current-specification,"[{""documentId"":""4MB1-spec"",""pdfPages"":[17]},{""documentId"":""4MB1-2024-summer-01-candidate-ms"",""pdfPages"":[6]}]","Apply arithmetic operations, powers and brackets in the correct order.",agent-reviewed,Codex,agent,2026-10-01
