link_id,task_id,template_id,template_version,relationship,original_marks,custom_marks_json,adaptation_validation_status,evidence_refs_json,review_status,updated_at
4EB1.retrieve-two-causes@0.1.0:4EB1-2024-November-01.Q5,4EB1-2024-November-01.Q5,4EB1.retrieve-two-causes,0.1.0,derived,2,[2],pending,"[{""documentId"":""pilot-4EB1-2024-November-01-qp"",""pdfPages"":[6,33]},{""documentId"":""pilot-4EB1-2024-November-01-ms"",""pdfPages"":[8]}]",pending,2026-10-06
4EB1.argumentative-extended-writing@0.1.0:4EB1-2024-May-01-standard.Q9,4EB1-2024-May-01-standard.Q9,4EB1.argumentative-extended-writing,0.1.0,derived,30,[],pending,"[{""documentId"":""4EB1-2024-May-01-standard:questionPaper"",""pdfPages"":[21]},{""documentId"":""4EB1-2024-May-01-standard:markScheme"",""pdfPages"":[18,19,20]}]",pending,2026-10-08
4EB1.explicit-fact-retrieval@0.1.0:4EB1-2024-May-01-standard.Q1,4EB1-2024-May-01-standard.Q1,4EB1.explicit-fact-retrieval,0.1.0,derived,1,[],pending,"[{""documentId"":""4EB1-2024-May-01-standard:questionPaper"",""pdfPages"":[2,31]},{""documentId"":""4EB1-2024-May-01-standard:markScheme"",""pdfPages"":[5]}]",pending,2026-10-08
4EB1.explicit-fact-retrieval@0.1.0:4EB1-2024-May-01-standard.Q2,4EB1-2024-May-01-standard.Q2,4EB1.explicit-fact-retrieval,0.1.0,derived,1,[],pending,"[{""documentId"":""4EB1-2024-May-01-standard:questionPaper"",""pdfPages"":[2,31]},{""documentId"":""4EB1-2024-May-01-standard:markScheme"",""pdfPages"":[5]}]",pending,2026-10-08
4EB1.explicit-fact-retrieval@0.1.0:4EB1-2024-May-01-standard.Q4,4EB1-2024-May-01-standard.Q4,4EB1.explicit-fact-retrieval,0.1.0,derived,1,[],pending,"[{""documentId"":""4EB1-2024-May-01-standard:questionPaper"",""pdfPages"":[6,33]},{""documentId"":""4EB1-2024-May-01-standard:markScheme"",""pdfPages"":[8]}]",pending,2026-10-08
4EB1.future-narrative@0.1.0:4EB1-2024-May-01-standard.Q10,4EB1-2024-May-01-standard.Q10,4EB1.future-narrative,0.1.0,derived,30,[],pending,"[{""documentId"":""4EB1-2024-May-01-standard:questionPaper"",""pdfPages"":[21]},{""documentId"":""4EB1-2024-May-01-standard:markScheme"",""pdfPages"":[18,19,20]}]",pending,2026-10-08
4EB1.language-structure-analysis@0.1.0:4EB1-2024-May-01-standard.Q3,4EB1-2024-May-01-standard.Q3,4EB1.language-structure-analysis,0.1.0,derived,10,[],pending,"[{""documentId"":""4EB1-2024-May-01-standard:questionPaper"",""pdfPages"":[3,30,31,32]},{""documentId"":""4EB1-2024-May-01-standard:markScheme"",""pdfPages"":[6,7]}]",pending,2026-10-08
4EB1.language-structure-analysis@0.1.0:4EB1-2024-May-01-standard.Q6,4EB1-2024-May-01-standard.Q6,4EB1.language-structure-analysis,0.1.0,derived,10,[],pending,"[{""documentId"":""4EB1-2024-May-01-standard:questionPaper"",""pdfPages"":[7,33,34]},{""documentId"":""4EB1-2024-May-01-standard:markScheme"",""pdfPages"":[9,10]}]",pending,2026-10-08
4EB1.place-description@0.1.0:4EB1-2024-May-01-standard.Q11,4EB1-2024-May-01-standard.Q11,4EB1.place-description,0.1.0,derived,30,[],pending,"[{""documentId"":""4EB1-2024-May-01-standard:questionPaper"",""pdfPages"":[21]},{""documentId"":""4EB1-2024-May-01-standard:markScheme"",""pdfPages"":[18,19,20]}]",pending,2026-10-08
4EB1.retrieve-two-comments@0.1.0:4EB1-2024-May-01-standard.Q5,4EB1-2024-May-01-standard.Q5,4EB1.retrieve-two-comments,0.1.0,derived,2,[2],pending,"[{""documentId"":""4EB1-2024-May-01-standard:questionPaper"",""pdfPages"":[6,34]},{""documentId"":""4EB1-2024-May-01-standard:markScheme"",""pdfPages"":[8]}]",pending,2026-10-08
4EB1.source-directed-letter@0.1.0:4EB1-2024-May-01-standard.Q8,4EB1-2024-May-01-standard.Q8,4EB1.source-directed-letter,0.1.0,derived,30,[],pending,"[{""documentId"":""4EB1-2024-May-01-standard:questionPaper"",""pdfPages"":[15,30,31,32,33,34]},{""documentId"":""4EB1-2024-May-01-standard:markScheme"",""pdfPages"":[14,15,16,17]}]",pending,2026-10-08
4EB1.viewpoints-comparison@0.1.0:4EB1-2024-May-01-standard.Q7,4EB1-2024-May-01-standard.Q7,4EB1.viewpoints-comparison,0.1.0,derived,15,[],pending,"[{""documentId"":""4EB1-2024-May-01-standard:questionPaper"",""pdfPages"":[10,30,31,32,33,34]},{""documentId"":""4EB1-2024-May-01-standard:markScheme"",""pdfPages"":[11,12,13]}]",pending,2026-10-08
4HB1.cube.measure@0.1.0:4HB1-2024-May-01-standard.Q6.a.i,4HB1-2024-May-01-standard.Q6.a.i,4HB1.cube.measure,0.1.0,derived,2,[2],pending,"[{""documentId"":""4HB1-2024-May-01-standard:questionPaper"",""pdfPages"":[15]},{""documentId"":""4HB1-2024-May-01-standard:markScheme"",""pdfPages"":[9]}]",pending,2026-10-06
4HB1.cube.measure@0.1.0:4HB1-2024-May-01-standard.Q6.a.ii,4HB1-2024-May-01-standard.Q6.a.ii,4HB1.cube.measure,0.1.0,derived,2,[2],pending,"[{""documentId"":""4HB1-2024-May-01-standard:questionPaper"",""pdfPages"":[15]},{""documentId"":""4HB1-2024-May-01-standard:markScheme"",""pdfPages"":[9]}]",pending,2026-10-06
4MB1.statistics.grouped-mean@0.1.0:4MB1-2024-summer-01-candidate.Q23.c,4MB1-2024-summer-01-candidate.Q23.c,4MB1.statistics.grouped-mean,0.1.0,derived,4,[4],pending,"[{""documentId"":""4MB1-2024-summer-01-candidate-qp"",""pdfPages"":[18]},{""documentId"":""4MB1-2024-summer-01-candidate-ms"",""pdfPages"":[21]}]",pending,2026-10-06
4MB1.matrices.add-two-by-two@0.1.0:4MB1-2024-summer-01-candidate.Q4.a,4MB1-2024-summer-01-candidate.Q4.a,4MB1.matrices.add-two-by-two,0.1.0,derived,1,[],pending,"[{""documentId"":""4MB1-2024-summer-01-candidate-qp"",""pdfPages"":[4]},{""documentId"":""4MB1-2024-summer-01-candidate-ms"",""pdfPages"":[8]}]",pending,2026-10-06
4MB1.factorisation.monic-quadratic@0.1.0:4MB1-2024-summer-01-candidate.Q15.b,4MB1-2024-summer-01-candidate.Q15.b,4MB1.factorisation.monic-quadratic,0.1.0,derived,2,[2],pending,"[{""documentId"":""4MB1-2024-summer-01-candidate-qp"",""pdfPages"":[12]},{""documentId"":""4MB1-2024-summer-01-candidate-ms"",""pdfPages"":[14]}]",pending,2026-10-06
4PH1.collinear-resultant@0.1.0:4PH1-2024-June-1-standard.Q5.b.i,4PH1-2024-June-1-standard.Q5.b.i,4PH1.collinear-resultant,0.1.0,derived,2,[2],pending,"[{""documentId"":""4PH1-2024-June-1-standard-qp"",""pdfPages"":[12]},{""documentId"":""4PH1-2024-June-1-standard-ms"",""pdfPages"":[8]}]",pending,2026-10-06
4PH1.weight.convert-mass@0.1.0:4PH1-2024-June-1-standard.Q10.a,4PH1-2024-June-1-standard.Q10.a,4PH1.weight.convert-mass,0.1.0,derived,2,[2],pending,"[{""documentId"":""4PH1-2024-June-1-standard-qp"",""pdfPages"":[22]},{""documentId"":""4PH1-2024-June-1-standard-ms"",""pdfPages"":[13]}]",pending,2026-10-06
