point_id,qualification,specification_document_id,specification_issue,official_reference,parent_point_id,reference_kind,short_original_summary,pdf_page,printed_page,applicable_components_json,applicability_status,extraction_status,reviewed_by,reviewer_type,human_reviewed,updated_at
4MB1:issue1:1A,4MB1,4MB1-spec,Issue 1 - January 2016,1A,,statement,Use the four number operations and brackets.,17,11,"[""01"", ""02""]",current-specification,source-checked,Codex Astra,agent,false,2026-09-21
4MB1:issue1:1B,4MB1,4MB1-spec,Issue 1 - January 2016,1B,,statement,"Use primes, factors and multiples including HCF/LCM.",17,11,"[""01"", ""02""]",current-specification,source-checked,Codex Astra,agent,false,2026-09-21
4MB1:issue1:1C,4MB1,4MB1-spec,Issue 1 - January 2016,1C,,statement,"Use indices, powers and roots.",17,11,"[""01"", ""02""]",current-specification,source-checked,Codex Astra,agent,false,2026-09-21
4MB1:issue1:1D,4MB1,4MB1-spec,Issue 1 - January 2016,1D,,statement,Manipulate simple surds and preserve exact answers.,17,11,"[""01"", ""02""]",current-specification,source-checked,Codex Astra,agent,false,2026-09-21
4MB1:issue1:1E,4MB1,4MB1-spec,Issue 1 - January 2016,1E,,statement,Rationalise denominators.,17,11,"[""01"", ""02""]",current-specification,source-checked,Codex Astra,agent,false,2026-09-21
4MB1:issue1:1F,4MB1,4MB1-spec,Issue 1 - January 2016,1F,,statement,"Recognise natural, integer, rational and irrational sets.",17,11,"[""01"", ""02""]",current-specification,source-checked,Codex Astra,agent,false,2026-09-21
4MB1:issue1:1G,4MB1,4MB1-spec,Issue 1 - January 2016,1G,,statement,Calculate using standard measures and supplied currency rates.,17,11,"[""01"", ""02""]",current-specification,source-checked,Codex Astra,agent,false,2026-09-21
4MB1:issue1:1H,4MB1,4MB1-spec,Issue 1 - January 2016,1H,,statement,"Use fractions, decimals, ratios, proportion and percentages.",18,12,"[""01"", ""02""]",current-specification,source-checked,Codex Astra,agent,false,2026-09-21
4MB1:issue1:1I,4MB1,4MB1-spec,Issue 1 - January 2016,1I,,statement,Round to a given degree of accuracy.,18,12,"[""01"", ""02""]",current-specification,source-checked,Codex Astra,agent,false,2026-09-21
4MB1:issue1:1J,4MB1,4MB1-spec,Issue 1 - January 2016,1J,,statement,Solve problems using measurement bounds.,18,12,"[""01"", ""02""]",current-specification,source-checked,Codex Astra,agent,false,2026-09-21
4MB1:issue1:1K,4MB1,4MB1-spec,Issue 1 - January 2016,1K,,statement,Use standard form in calculations and contexts.,18,12,"[""01"", ""02""]",current-specification,source-checked,Codex Astra,agent,false,2026-09-21
4MB1:issue1:2A,4MB1,4MB1-spec,Issue 1 - January 2016,2A,,statement,Define sets and identify their distinct members.,19,13,"[""01"", ""02""]",current-specification,source-checked,Codex,agent,false,2026-09-29
4MB1:issue1:2B,4MB1,4MB1-spec,Issue 1 - January 2016,2B,,statement,Use set language in abstract and practical situations.,19,13,"[""01"", ""02""]",current-specification,source-checked,Codex,agent,false,2026-09-29
4MB1:issue1:2C,4MB1,4MB1-spec,Issue 1 - January 2016,2C,,statement,"Form unions and intersections, including rule-defined sets.",19,13,"[""01"", ""02""]",current-specification,source-checked,Codex,agent,false,2026-09-29
4MB1:issue1:2D,4MB1,4MB1-spec,Issue 1 - January 2016,2D,,statement,Count elements using set-size notation.,19,13,"[""01"", ""02""]",current-specification,source-checked,Codex,agent,false,2026-09-29
4MB1:issue1:2E,4MB1,4MB1-spec,Issue 1 - January 2016,2E,,statement,Find complements within a stated universe.,19,13,"[""01"", ""02""]",current-specification,source-checked,Codex,agent,false,2026-09-29
4MB1:issue1:2F,4MB1,4MB1-spec,Issue 1 - January 2016,2F,,statement,Recognise and use subset relationships.,19,13,"[""01"", ""02""]",current-specification,source-checked,Codex,agent,false,2026-09-29
4MB1:issue1:2G,4MB1,4MB1-spec,Issue 1 - January 2016,2G,,statement,Identify the universal and empty sets.,19,13,"[""01"", ""02""]",current-specification,source-checked,Codex,agent,false,2026-09-29
4MB1:issue1:2H,4MB1,4MB1-spec,Issue 1 - January 2016,2H,,statement,Use Venn diagrams for simple logical problems.,19,13,"[""01"", ""02""]",current-specification,source-checked,Codex,agent,false,2026-09-29
4MB1:issue1:2I,4MB1,4MB1-spec,Issue 1 - January 2016,2I,,statement,Represent set relationships with symbols.,19,13,"[""01"", ""02""]",current-specification,source-checked,Codex,agent,false,2026-09-29
4MB1:issue1:3A,4MB1,4MB1-spec,Issue 1 - January 2016,3A,,statement,Simplify algebraic expressions using operations and integer or fractional index rules.,20,14,"[""01"",""02""]",current-specification,source-checked,Codex,agent,false,2026-09-29
4MB1:issue1:3B,4MB1,4MB1-spec,Issue 1 - January 2016,3B,,statement,"Construct, interpret, substitute into and rearrange formulae.",20,14,"[""01"",""02""]",current-specification,source-checked,Codex,agent,false,2026-09-29
4MB1:issue1:3C,4MB1,4MB1-spec,Issue 1 - January 2016,3C,,statement,Factorise simple algebraic expressions.,20,14,"[""01"",""02""]",current-specification,source-checked,Codex,agent,false,2026-09-29
4MB1:issue1:3D,4MB1,4MB1-spec,Issue 1 - January 2016,3D,,statement,"Apply the factor theorem to polynomials, including cubics and general linear factors.",20,14,"[""01"",""02""]",current-specification,source-checked,Codex,agent,false,2026-09-30
4MB1:issue1:3E,4MB1,4MB1-spec,Issue 1 - January 2016,3E,,statement,Divide a cubic polynomial by a linear factor.,20,14,"[""01"",""02""]",current-specification,source-checked,Codex,agent,false,2026-09-30
4MB1:issue1:3F,4MB1,4MB1-spec,Issue 1 - January 2016,3F,,statement,"Add, subtract, multiply and divide simple algebraic fractions with numerical, linear or quadratic denominators.",20,14,"[""01"",""02""]",current-specification,source-checked,Codex,agent,false,2026-09-30
4MB1:issue1:3G,4MB1,4MB1-spec,Issue 1 - January 2016,3G,,statement,"Solve linear, quadratic and cubic equations in one unknown, including algebraic/graphical quadratic methods and problems leading to equations.",20,14,"[""01"",""02""]",current-specification,source-checked,Codex,agent,false,2026-10-01
4MB1:issue1:3H,4MB1,4MB1-spec,Issue 1 - January 2016,3H,,statement,"Solve simultaneous linear equations in two unknowns, including graphical solutions.",20,14,"[""01"",""02""]",current-specification,source-checked,Codex,agent,false,2026-10-01
4MB1:issue1:3I,4MB1,4MB1-spec,Issue 1 - January 2016,3I,,statement,Solve simultaneous equations where one equation is linear and the other quadratic.,20,14,"[""01"",""02""]",current-specification,source-checked,Codex,agent,false,2026-10-01
4MB1:issue1:3J,4MB1,4MB1-spec,Issue 1 - January 2016,3J,,statement,"Solve linear inequalities and represent their solutions on number lines and in two-dimensional space, including simultaneous regions.",20,14,"[""01"",""02""]",current-specification,source-checked,Codex,agent,false,2026-10-01
4MB1:issue1:3K,4MB1,4MB1-spec,Issue 1 - January 2016,3K,,statement,Solve quadratic inequalities in one unknown and represent the solution set on a number line.,20,14,"[""01"",""02""]",current-specification,source-checked,Codex,agent,false,2026-10-01
4MB1:issue1:3L,4MB1,4MB1-spec,Issue 1 - January 2016,3L,,statement,Recognise and continue sequences with common differences and common integer patterns.,20,14,"[""01"",""02""]",current-specification,source-checked,Codex,agent,false,2026-10-01
4MB1:issue1:6H,4MB1,4MB1-spec,Issue 1 - January 2016,6H,,statement,"Prove that two triangles are similar, giving geometric reasons and consistent correspondence.",24,18,"[""01"",""02""]",current-specification,source-checked,Codex,agent,false,2026-10-06
4MB1:issue1:6L,4MB1,4MB1-spec,Issue 1 - January 2016,6L,,statement,"Use cyclic-quadrilateral properties, including opposite interior and adjacent exterior angle reasoning.",24,18,"[""01"",""02""]",current-specification,source-checked,Codex,agent,false,2026-10-06
4MB1:issue1:4G,4MB1,4MB1-spec,Issue 1 - January 2016,4G,,statement,"Direct and inverse variation only in the explicitly listed x, x², x³, √x and reciprocal forms; historical Q19 inverse cube-root applicability remains unresolved.",21,15,"[""01"",""02""]",current-specification,source-checked,Codex,agent,false,2026-10-04
4MB1:issue1:6C,4MB1,4MB1-spec,Issue 1 - January 2016,6C,,statement,"Angle properties of parallel lines, triangles and polygons, including regular polygons, straight-line and full-turn angles.",24,18,"[""01"",""02""]",current-specification,source-checked,Codex,agent,false,2026-10-04
4MB1:issue1:10B,4MB1,4MB1-spec,Issue 1 - January 2016,10B,,statement,"Determine mean, median and mode for discrete data.",28,22,"[""01"",""02""]",current-specification,source-checked,Codex,agent,false,2026-10-04
4MB1:issue1:4I,4MB1,4MB1-spec,Issue 1 - January 2016,4I,,statement,"Relate a straight-line equation y = mx + c to its gradient and y-axis intercept (0,c).",21,15,"[""01"",""02""]",current-specification,source-checked,Codex,agent,false,2026-10-04
4MB1:issue1:5B,4MB1,4MB1-spec,Issue 1 - January 2016,5B,,statement,Add and multiply matrices; row-by-column multiplication of order at most 3 × 3.,23,17,"[""01"",""02""]",current-specification,source-checked,Codex,agent,false,2026-10-04
4MB1:issue1:5C,4MB1,4MB1-spec,Issue 1 - January 2016,5C,,statement,Multiply a matrix by a scalar.,23,17,"[""01"",""02""]",current-specification,source-checked,Codex,agent,false,2026-10-04
4MB1:issue1:6F,4MB1,4MB1-spec,Issue 1 - January 2016,6F,,statement,"Use Pythagoras in two and three dimensions, including constructed or given altitudes; angle-bisector theorems excluded.",24,18,"[""01"",""02""]",current-specification,source-checked,Codex,agent,false,2026-10-04
4MB1:issue1:7B,4MB1,4MB1-spec,Issue 1 - January 2016,7B,,statement,"Calculate areas of rectangles, parallelograms, trapezia, triangles and circles, including shapes decomposed into these.",25,19,"[""01"",""02""]",current-specification,source-checked,Codex,agent,false,2026-10-04
4MB1:issue1:6J,4MB1,4MB1-spec,Issue 1 - January 2016,6J,,statement,"Use SSS, SAS, ASA and RHS conditions to prove two triangles congruent.",24,18,"[""01"",""02""]",current-specification,source-checked,Codex,agent,false,2026-10-04
4MB1:issue1:9A,4MB1,4MB1-spec,Issue 1 - January 2016,9A,,statement,"Use sine, cosine and tangent for angles up to 180°, measured in degrees and decimals of degrees.",27,21,"[""01"",""02""]",current-specification,source-checked,Codex,agent,false,2026-10-04
4MB1:issue1:9C,4MB1,4MB1-spec,Issue 1 - January 2016,9C,,statement,Use angles of elevation and depression in degrees and decimals of degrees.,27,21,"[""01"",""02""]",current-specification,source-checked,Codex,agent,false,2026-10-04
4MB1:issue1:5E,4MB1,4MB1-spec,Issue 1 - January 2016,5E,,statement,Determine determinants and inverses of non-singular 2×2 matrices; knowledge of singular matrices is not required.,23,17,"[""01"",""02""]",current-specification,source-checked,Codex,agent,false,2026-10-04
4MB1:issue1:6K,4MB1,4MB1-spec,Issue 1 - January 2016,6K,,statement,"Use chord, angle and tangent properties of circles, including internal and external intersecting chords and the alternate segment theorem.",24,18,"[""01"",""02""]",current-specification,source-checked,Codex,agent,false,2026-10-04
4MB1:issue1:10C,4MB1,4MB1-spec,Issue 1 - January 2016,10C,,statement,Estimate a mean from grouped frequencies; separate weighted and moving mean questions will not be set.,28,22,"[""01"",""02""]",current-specification,source-checked,Codex,agent,false,2026-10-04
4MB1:issue1:10D,4MB1,4MB1-spec,Issue 1 - January 2016,10D,,statement,Determine a modal class and the class containing the median in grouped data.,28,22,"[""01"",""02""]",current-specification,source-checked,Codex,agent,false,2026-10-04
4MB1:issue1:10E,4MB1,4MB1-spec,Issue 1 - January 2016,10E,,statement,"Use basic probability language, scales, sample spaces, relative frequency, probabilities and complements.",28,22,"[""01"",""02""]",current-specification,source-checked,Codex,agent,false,2026-10-04
4MB1:issue1:6G,4MB1,4MB1-spec,Issue 1 - January 2016,6G,,statement,Relate length scale factors to area and volume factors for similar figures.,24,18,"[""01"",""02""]",current-specification,source-checked,Codex,agent,false,2026-10-04
4MB1:issue1:7D,4MB1,4MB1-spec,Issue 1 - January 2016,7D,,statement,Calculate arc lengths and sector areas in degrees; radians excluded.,25,19,"[""01"",""02""]",current-specification,source-checked,Codex,agent,false,2026-10-04
4MB1:issue1:8D,4MB1,4MB1-spec,Issue 1 - January 2016,8D,,statement,"Use parallel vectors, unit vectors and position vectors in two dimensions.",26,20,"[""01"",""02""]",current-specification,source-checked,Codex,agent,false,2026-10-04
4MB1:issue1:8E,4MB1,4MB1-spec,Issue 1 - January 2016,8E,,statement,Find sums and differences of vectors.,26,20,"[""01"",""02""]",current-specification,source-checked,Codex,agent,false,2026-10-04
4MB1:issue1:8G,4MB1,4MB1-spec,Issue 1 - January 2016,8G,,statement,Multiply a vector by a scalar.,26,20,"[""01"",""02""]",current-specification,source-checked,Codex,agent,false,2026-10-04
4MB1:issue1:8I,4MB1,4MB1-spec,Issue 1 - January 2016,8I,,statement,"Apply vectors to simple geometry, including collinearity, parallel lines and concurrency.",26,20,"[""01"",""02""]",current-specification,source-checked,Codex,agent,false,2026-10-04
4MB1:issue1:4L,4MB1,4MB1-spec,Issue 1 - January 2016,4L,,statement,Differentiate integer powers of x using dy/dx notation.,22,16,"[""01"",""02""]",current-specification,source-checked,Codex,agent,false,2026-10-04
4MB1:issue1:4M,4MB1,4MB1-spec,Issue 1 - January 2016,4M,,statement,"Determine gradients, rates of change, stationary points, maxima, minima and turning points with graph interpretation.",22,16,"[""01"",""02""]",current-specification,source-checked,Codex,agent,false,2026-10-04
4MB1:issue1:10A,4MB1,4MB1-spec,Issue 1 - January 2016,10A,,statement,"Represent numerical data with bar charts, pie charts and histograms; cumulative frequency graphs excluded.",28,22,"[""01"",""02""]",current-specification,source-checked,Codex,agent,false,2026-10-04
4MB1:issue1:10F,4MB1,4MB1-spec,Issue 1 - January 2016,10F,,statement,Add probabilities of mutually exclusive events.,28,22,"[""01"",""02""]",current-specification,source-checked,Codex,agent,false,2026-10-04
4MB1:issue1:10G,4MB1,4MB1-spec,Issue 1 - January 2016,10G,,statement,Multiply probabilities of independent events.,28,22,"[""01"",""02""]",current-specification,source-checked,Codex,agent,false,2026-10-04
4MB1:issue1:10H,4MB1,4MB1-spec,Issue 1 - January 2016,10H,,statement,Determine probabilities of two or more independent events using tree diagrams.,28,22,"[""01"",""02""]",current-specification,source-checked,Codex,agent,false,2026-10-04
4MB1:issue1:10I,4MB1,4MB1-spec,Issue 1 - January 2016,10I,,statement,Use simple conditional probability for combined events.,28,22,"[""01"",""02""]",current-specification,source-checked,Codex,agent,false,2026-10-04
4MB1:issue1:10J,4MB1,4MB1-spec,Issue 1 - January 2016,10J,,statement,Find very simple conditional probability; formal conditional notation is not used.,28,22,"[""01"",""02""]",current-specification,source-checked,Codex,agent,false,2026-10-04
4MB1:issue1:10K,4MB1,4MB1-spec,Issue 1 - January 2016,10K,,statement,Understand and calculate expected frequency.,28,22,"[""01"",""02""]",current-specification,source-checked,Codex,agent,false,2026-10-04
4MB1:issue1:4A,4MB1,4MB1-spec,Issue 1 - January 2016,4A,,statement,The idea of a function of a variable.,21,15,"[""01"",""02""]",current-specification,source-checked,Codex,agent,false,2026-10-04
4MB1:issue1:4B,4MB1,4MB1-spec,Issue 1 - January 2016,4B,,statement,Functions as mappings or correspondences between elements of two sets.,21,15,"[""01"",""02""]",current-specification,source-checked,Codex,agent,false,2026-10-04
4MB1:issue1:4C,4MB1,4MB1-spec,Issue 1 - January 2016,4C,,statement,Use f(x) and mapping-arrow functional notation.,21,15,"[""01"",""02""]",current-specification,source-checked,Codex,agent,false,2026-10-04
4MB1:issue1:4D,4MB1,4MB1-spec,Issue 1 - January 2016,4D,,statement,"Domain and range, including excluded inputs; continuity questions excluded.",21,15,"[""01"",""02""]",current-specification,source-checked,Codex,agent,false,2026-10-04
4MB1:issue1:4E,4MB1,4MB1-spec,Issue 1 - January 2016,4E,,statement,"Composite functions, with fg meaning apply g then f.",21,15,"[""01"",""02""]",current-specification,source-checked,Codex,agent,false,2026-10-04
4MB1:issue1:4F,4MB1,4MB1-spec,Issue 1 - January 2016,4F,,statement,Find inverse functions.,21,15,"[""01"",""02""]",current-specification,source-checked,Codex,agent,false,2026-10-04
4MB1:issue1:4J,4MB1,4MB1-spec,Issue 1 - January 2016,4J,,statement,Draw and interpret numerical cubic/quadratic/linear/constant/reciprocal combinations with at least three of six coefficients zero; solve by graph intersections.,21,15,"[""01"",""02""]",current-specification,source-checked,Codex,agent,false,2026-10-04
4MB1:issue1:4K,4MB1,4MB1-spec,Issue 1 - January 2016,4K,,statement,Estimate gradients by a drawn tangent and an appropriate right-angled gradient triangle.,21,15,"[""01"",""02""]",current-specification,source-checked,Codex,agent,false,2026-10-04
4MB1:issue1:4N,4MB1,4MB1-spec,Issue 1 - January 2016,4N,,statement,Apply functions to linear kinematics and simple practical problems; interpret distance/speed-time graphs and displacement/velocity/acceleration relationships.,22,16,"[""01"",""02""]",current-specification,source-checked,Codex,agent,false,2026-10-04
4MB1:issue1:8A,4MB1,4MB1-spec,Issue 1 - January 2016,8A,,statement,Distinguish scalar and vector quantities in two dimensions.,26,20,"[""01"",""02""]",current-specification,source-checked,Codex,agent,false,2026-10-06
4MB1:issue1:8B,4MB1,4MB1-spec,Issue 1 - January 2016,8B,,statement,Understand and use directed and column vector notation.,26,20,"[""01"",""02""]",current-specification,source-checked,Codex,agent,false,2026-10-06
4MB1:issue1:8C,4MB1,4MB1-spec,Issue 1 - January 2016,8C,,statement,Represent a vector with a directed line segment.,26,20,"[""01"",""02""]",current-specification,source-checked,Codex,agent,false,2026-10-06
4MB1:issue1:8F,4MB1,4MB1-spec,Issue 1 - January 2016,8F,,statement,Calculate and interpret the modulus or magnitude of a two-dimensional vector.,26,20,"[""01"",""02""]",current-specification,source-checked,Codex,agent,false,2026-10-06
4MB1:issue1:8H,4MB1,4MB1-spec,Issue 1 - January 2016,8H,,statement,Find the resultant of two or more vectors.,26,20,"[""01"",""02""]",current-specification,source-checked,Codex,agent,false,2026-10-06
